ID,Name,Nationality,Age,↓OVA,POT,Club,Contract,Positions,Height(cm),Weight(kg),Preferred Foot,BOV,Best Position,Joined,Loan Date End,Value(€),Wage(€),Release Clause(€),Attacking,Crossing,Finishing,Heading Accuracy,Short Passing,Volleys,Skill,Dribbling,Curve,FK Accuracy,Long Passing,Ball Control,Movement,Acceleration,Sprint Speed,Agility,Reactions,Balance,Power,Shot Power,Jumping,Stamina,Strength,Long Shots,Mentality,Aggression,Interceptions,Positioning,Vision,Penalties,Composure,Defending,Marking,Standing Tackle,Sliding Tackle,Goalkeeping,GK Diving,GK Handling,GK Kicking,GK Positioning,GK Reflexes,Total Stats,Base Stats,W/F(★),SM(★),A/W,D/W,IR(★),PAC,SHO,PAS,DRI,DEF,PHY,Hits
230347,Welington Kauê Dano Nascimento,Brazil,20,81,81,No Club,Free,"LB, LM",178,69,Left,81,LB,"Jan 1, 2019",,0,0,0,327,82,51,69,78,47,361,77,83,52,71,78,402,78,80,83,80,81,336,55,71,89,68,53,354,69,77,72,75,61,82,228,70,77,81,60,16,15,15,7,7,2068,436,4,4,Medium,Medium,1,79,54,76,78,75,74,172
230225,Juan Everton Mestres de Mesquita,Brazil,24,81,81,No Club,Free,"CB, CDM",181,82,Right,81,CB,"Jan 1, 2019",,0,0,0,309,40,56,83,67,63,312,60,72,58,58,64,344,68,74,61,78,63,381,74,91,76,79,61,338,86,82,58,50,62,70,246,77,85,84,73,18,12,14,11,18,2003,413,3,2,High,Medium,1,71,61,57,62,82,80,75
245299,Jaime Nicolás Frendado,Uruguay,36,80,80,No Club,Free,"CB, CDM",181,82,Right,80,CB,"Aug 10, 2018",,0,0,0,306,40,56,80,67,63,312,60,72,58,58,64,341,67,74,61,76,63,363,74,91,60,77,61,338,86,82,58,50,62,70,247,83,82,82,80,14,15,15,17,19,1987,408,3,2,High,Medium,1,71,61,57,62,82,75,11
245294,Jorge Ezequiel Serendero,Uruguay,32,80,80,No Club,Free,GK,190,85,Right,80,GK,"Aug 10, 2018",,0,0,0,55,10,8,11,18,8,73,9,9,18,16,21,236,41,42,34,78,41,240,58,67,29,79,7,169,34,23,27,71,14,67,42,12,17,13,393,78,81,77,80,77,1208,435,2,1,Medium,Medium,1,78,81,77,77,42,80,18
245308,Mauro Evidio Nérez,Uruguay,32,80,80,No Club,Free,"LB, LM",178,69,Left,80,LB,"Aug 10, 2018",,0,0,0,322,77,51,69,78,47,361,77,83,52,71,78,402,78,80,83,80,81,336,55,71,89,68,53,354,69,77,72,75,61,82,230,77,77,76,60,16,15,15,7,7,2065,436,4,4,Medium,Medium,1,79,54,75,78,76,74,17
245300,Matías David Baldona,Uruguay,36,80,80,No Club,Free,"CDM, CM",177,75,Right,80,CDM,"Aug 10, 2018",,0,0,0,328,75,58,59,78,58,348,75,48,73,75,77,370,69,68,78,78,77,363,72,67,89,71,64,348,81,79,54,73,61,68,238,80,81,77,55,9,9,14,15,8,2050,435,4,3,High,High,1,68,62,74,76,78,77,12
245304,Saúl Marcelo Ardero,Uruguay,32,80,80,No Club,Free,"CAM, LM, LW",171,63,Left,80,CAM,"Aug 10, 2018",,0,0,0,335,73,72,44,79,67,375,82,56,75,80,82,421,86,78,89,80,88,301,67,44,67,48,75,308,41,31,82,80,74,77,67,31,13,23,48,9,7,8,14,10,1855,391,5,4,Medium,Medium,1,82,72,77,83,26,51,11
245305,Luis Roberto Dálves,Uruguay,28,80,80,No Club,Free,"ST, CF",188,83,Right,80,ST,"Aug 10, 2018",,0,0,0,368,56,82,83,68,79,320,74,59,67,47,73,353,79,81,55,83,55,391,84,84,56,87,80,313,65,32,81,58,77,79,79,28,27,24,78,8,11,20,19,20,1902,402,3,3,High,Low,1,80,82,60,71,34,75,26
245309,Egidio Maestre Schetino,Uruguay,28,80,80,No Club,Free,CB,185,80,Right,80,CB,"Aug 10, 2018",,0,0,0,279,40,38,83,74,44,283,56,45,49,61,72,391,83,78,77,85,68,312,53,69,76,73,41,304,86,82,38,42,56,71,243,84,83,76,70,16,12,13,12,17,1882,402,3,2,Medium,Medium,1,80,43,56,65,82,76,31
245313,José María Sildero,Uruguay,28,80,80,No Club,Free,"CAM, RM",177,75,Right,80,CAM,"Aug 10, 2018",,0,0,0,369,75,74,64,80,76,403,79,86,78,82,78,404,88,75,83,82,76,374,82,64,80,70,78,339,62,40,77,83,77,81,108,40,35,33,65,12,12,13,15,13,2062,428,4,4,Medium,Low,1,81,77,80,79,40,71,31
251700,Segundo Mandíquez,Ecuador,31,80,80,No Club,Free,ST,188,84,Right,80,ST,"Jan 1, 2010",,0,0,0,361,48,83,86,69,75,296,75,53,52,40,76,352,78,81,72,73,48,382,86,67,68,91,70,302,72,33,82,53,62,75,54,18,23,13,52,13,13,7,5,14,1799,399,4,4,High,Medium,2,80,80,56,74,29,80,28
245306,Leandro Miguel Sáreda,Uruguay,28,79,79,No Club,Free,GK,186,80,Right,79,GK,"Aug 10, 2018",,0,0,0,43,8,9,7,11,8,75,18,12,13,12,20,305,58,62,66,76,43,208,53,60,23,60,12,127,35,12,5,60,15,45,35,10,9,16,386,81,75,71,77,82,1179,446,3,1,Medium,Medium,1,81,75,71,82,60,77,13
245302,Enzo Martín Riquero,Uruguay,32,79,79,No Club,Free,"CDM, CM, CAM",175,70,Right,79,CDM,"Aug 10, 2018",,0,0,0,321,61,53,70,80,57,339,77,54,57,75,76,391,80,81,72,78,80,321,60,43,91,68,59,363,75,76,58,77,77,81,238,80,81,77,62,15,14,14,10,9,2035,438,4,2,High,Medium,1,81,57,72,76,78,74,6
245297,Rafael Di Leonardo,Uruguay,24,79,79,No Club,Free,"RB, RM",177,75,Right,79,RB,"Aug 10, 2018",,0,0,0,316,79,48,69,71,49,332,78,55,49,75,75,394,81,75,82,81,75,306,52,51,85,62,56,298,62,77,57,61,41,54,231,78,77,76,74,15,13,14,14,18,1951,419,3,3,High,Medium,1,78,51,69,78,76,67,21
245295,Edgar Manuel Guichón,Uruguay,32,79,79,No Club,Free,"LB, LM",168,65,Left,79,LB,"Aug 10, 2018",,0,0,0,314,78,45,60,76,55,312,76,54,49,59,74,430,88,86,86,80,90,314,78,59,76,33,68,334,73,75,69,68,49,76,227,74,77,76,59,13,13,16,8,9,1990,419,3,4,High,Medium,1,87,58,70,77,74,53,14
214394,Wilmar Barrios,Colombia,26,79,84,No Club,Free,"CDM, CM",178,74,Right,80,CDM,"Feb 5, 2019",,0,0,0,250,59,30,59,80,22,262,66,31,31,65,69,372,76,71,75,77,73,343,53,78,93,80,39,321,84,80,60,65,32,80,240,85,81,74,71,13,14,13,15,16,1859,409,3,3,Medium,High,1,73,38,66,69,79,84,189
187607,Artem Dzyuba,Russia,31,79,79,No Club,Free,ST,196,91,Right,79,ST,"Jul 1, 2015",,0,0,0,380,61,81,87,77,74,333,73,66,60,57,77,301,67,69,55,75,35,385,80,65,78,93,69,351,80,30,81,77,83,79,63,25,17,21,57,15,12,11,11,8,1870,400,3,3,Medium,Low,2,68,78,69,71,29,85,61
245315,Enzo Manuel Aguerro,Uruguay,32,78,78,No Club,Free,ST,176,73,Right,79,CF,"Aug 10, 2018",,0,0,0,344,42,79,73,74,76,355,82,79,60,56,78,402,86,82,83,82,69,386,75,82,80,67,82,294,43,20,82,75,74,73,64,25,20,19,48,9,12,8,10,9,1893,401,4,4,High,Medium,1,84,79,65,80,27,66,9
245298,Daniel Martín Lenzado,Uruguay,32,78,78,No Club,Free,"CB, LB",182,79,Left,78,CB,"Aug 10, 2018",,0,0,0,294,55,51,76,68,44,282,44,54,50,72,62,316,67,72,49,79,49,325,43,88,62,81,51,302,88,77,24,47,66,70,239,80,78,81,54,9,14,13,8,10,1812,387,3,2,Medium,Medium,1,70,48,60,52,79,78,15
245324,Sebastián Bruno Luna,Uruguay,32,78,78,No Club,Free,"RB, RM, CM",176,75,Right,78,RB,"Aug 10, 2018",,0,0,0,352,76,69,60,76,71,354,76,76,68,59,75,389,84,76,79,80,70,363,72,61,88,68,74,349,73,72,76,64,64,80,222,70,75,77,38,7,8,8,8,7,2067,444,3,4,Medium,Medium,1,80,71,71,76,72,74,5
154950,Yuriy Zhirkov,Russia,36,77,77,No Club,Free,"LB, LM",180,75,Left,77,LB,"Jan 31, 2016",,0,0,0,345,78,66,57,77,67,380,78,79,74,72,77,372,74,75,77,75,71,343,74,54,74,67,74,370,76,75,75,72,72,81,231,77,76,78,43,6,6,14,7,10,2084,441,2,4,High,Medium,2,75,70,75,77,74,70,25
245325,Vicente Damián Castro,Uruguay,28,77,77,No Club,Free,"CDM, CM",187,85,Right,77,CDM,"Aug 10, 2018",,0,0,0,309,71,56,62,75,45,378,72,81,77,77,71,331,72,72,51,81,55,370,73,61,76,88,72,344,77,76,52,72,67,67,229,77,76,76,48,11,15,8,7,7,2009,433,3,3,High,High,1,72,62,74,69,75,81,12
173432,Héctor Moreno,Mexico,32,77,77,No Club,Free,CB,183,80,Left,77,CB,"Jul 29, 2019",,0,0,0,319,62,43,84,75,55,268,56,48,28,68,68,320,60,59,65,76,60,316,64,72,64,72,44,321,77,76,46,59,63,75,237,77,79,81,60,12,15,14,9,10,1841,384,3,2,Medium,Medium,3,59,49,64,62,79,71,40
200094,Magomed Ozdoev,Russia,27,77,78,No Club,Free,"CDM, CM",184,78,Right,77,CDM,"Feb 15, 2018",,0,0,0,314,65,69,57,78,45,343,77,58,56,76,76,377,73,77,80,73,74,373,81,67,78,75,72,348,77,75,68,74,54,72,222,73,76,73,66,11,8,16,16,15,2043,443,3,3,Medium,High,1,75,70,72,77,73,76,9
158133,Jefferson Farfán,Peru,35,77,77,No Club,Free,"RM, ST",178,84,Right,77,RM,"Aug 1, 2020",,0,0,0,363,75,74,72,73,69,381,74,82,75,72,78,385,84,84,75,76,66,371,75,76,70,78,72,343,73,39,75,77,79,80,89,17,43,29,59,15,12,5,12,15,1991,419,3,4,Medium,Low,2,84,74,75,75,36,75,35
245303,Federico Luis Contedo,Uruguay,36,77,77,No Club,Free,"CAM, CF",174,71,Left,77,CAM,"Aug 10, 2018",,0,0,0,344,74,73,45,75,77,386,75,86,74,75,76,412,87,74,86,82,83,332,74,58,75,57,68,304,42,32,78,79,73,84,69,20,28,21,59,8,15,15,13,8,1906,392,5,4,High,Medium,1,80,73,76,77,27,59,3
245301,Leandro Agustín Baezo,Uruguay,32,77,77,No Club,Free,CDM,188,88,Right,77,CDM,"Aug 10, 2018",,0,0,0,338,52,68,75,76,67,348,71,64,68,72,73,349,62,78,67,73,69,385,75,71,87,82,70,365,82,72,67,72,72,76,236,81,80,75,55,15,7,16,9,8,2076,442,3,3,Medium,Medium,1,71,70,69,71,78,83,3
251698,Kevin Berlaso,Ecuador,32,77,77,No Club,Free,RB,172,69,Right,77,RB,"Jan 1, 2010",,0,0,0,306,72,47,60,73,54,350,75,75,54,68,78,397,77,78,86,77,79,345,69,70,86,57,63,323,73,70,69,63,48,73,224,71,75,78,58,11,12,11,16,8,2003,420,3,4,High,Medium,2,78,56,69,77,72,68,5
245296,Jorge Sandro Herrería,Uruguay,32,77,77,No Club,Free,"RB, RM",175,71,Right,77,RB,"Aug 10, 2018",,0,0,0,305,72,51,66,77,39,325,77,51,52,74,71,379,74,77,81,75,72,291,34,65,80,61,51,329,81,71,55,56,66,73,230,77,76,77,61,15,8,15,10,13,1920,412,3,3,High,Medium,1,76,48,69,75,74,70,5
245311,Andrés Daniel Píriz,Uruguay,32,76,76,No Club,Free,"CAM, CF",178,71,Right,76,CAM,"Aug 10, 2018",,0,0,0,346,74,66,60,79,67,375,76,87,61,73,78,393,83,77,81,78,74,344,71,64,73,64,72,307,48,45,67,80,67,71,79,25,32,22,54,7,12,11,12,12,1898,399,2,4,High,Low,1,80,68,77,77,34,63,2
198991,Sergey Petrov,Russia,29,76,76,No Club,Free,RB,175,71,Right,76,RB,"Jan 2, 2013",,0,0,0,352,75,67,63,75,72,327,70,65,51,69,72,370,75,77,70,73,75,347,75,64,76,60,72,311,73,75,66,47,50,65,223,71,76,76,59,8,9,16,16,10,1989,423,3,3,High,High,1,76,69,67,71,73,67,4
176733,Marcus Berg,Sweden,33,76,76,No Club,Free,"ST, CF",184,74,Right,76,ST,"Jul 13, 2019",,0,0,0,351,56,77,75,72,71,309,72,66,47,51,73,361,72,73,70,75,71,372,79,74,69,76,74,308,61,28,83,66,70,75,91,33,33,25,51,10,7,12,8,14,1843,390,4,3,High,Low,3,73,76,63,72,35,71,41
193887,Hernán Pérez,Paraguay,31,76,76,No Club,Free,"RM, LM",180,71,Right,76,RM,"Oct 6, 2020",,0,0,0,343,79,71,54,75,64,344,77,62,62,68,75,366,75,71,73,77,70,375,85,77,66,69,78,325,85,43,77,72,48,82,92,54,24,14,63,13,13,14,8,15,1908,407,4,4,High,Medium,1,73,74,73,76,39,72,19
223058,Daler Kuzyaev,Russia,27,76,77,No Club,Free,"CM, CDM, RM",182,74,Right,77,CAM,"Jul 1, 2017",,0,0,0,321,67,64,51,82,57,353,78,60,61,75,79,388,78,81,80,73,76,346,76,60,77,59,74,348,70,74,71,70,63,64,224,71,77,76,59,15,16,13,7,8,2039,437,3,3,Medium,High,1,80,68,73,78,72,66,13
222134,Tarek Hamed,Egypt,31,76,76,No Club,Free,"CDM, CM",169,67,Right,76,CDM,"Sep 8, 2014",,0,0,0,305,60,55,65,76,49,331,67,58,61,73,72,336,66,62,68,68,72,353,69,72,86,66,60,347,83,76,54,66,68,68,228,73,77,78,68,16,15,12,12,13,1968,411,3,2,Medium,High,1,64,59,69,69,75,75,5
207554,Viktor Claesson,Sweden,28,76,76,No Club,Free,"CAM, LM, CM",183,79,Right,76,CAM,"Jan 25, 2017",,0,0,0,326,68,74,45,75,64,357,72,70,64,73,78,369,75,76,78,76,64,367,77,53,88,72,77,330,70,40,76,80,64,77,140,49,44,47,45,12,7,9,10,7,1934,418,3,3,High,High,1,76,74,74,74,45,75,25
251696,Jhon Monsario,Ecuador,35,76,76,No Club,Free,CB,186,83,Right,76,CB,"Jan 1, 2011",,0,0,0,251,42,54,79,63,13,208,33,38,32,57,48,197,28,39,26,72,32,317,63,71,60,93,30,282,86,85,28,28,55,59,221,67,78,76,56,11,15,10,14,6,1532,327,3,2,Low,High,1,34,48,48,39,76,82,5
251691,Alan Zamorado,Ecuador,39,76,76,No Club,Free,LM,182,78,Left,77,CAM,"Jan 1, 2009",,0,0,0,350,80,68,41,80,81,415,74,86,91,79,85,334,59,55,72,76,72,384,86,77,74,58,89,335,38,55,76,80,86,70,81,40,26,15,41,6,11,8,6,10,1940,388,3,3,Medium,Low,2,57,78,81,77,36,59,15
194958,Aaron Mooy,Australia,29,76,76,No Club,Free,"CM, CAM",173,72,Right,76,CM,"Sep 1, 2020",,0,0,0,338,75,68,50,80,65,375,73,73,72,80,77,345,67,60,70,74,74,371,73,70,78,74,76,365,75,68,70,79,73,80,213,72,72,69,54,11,8,12,11,12,2061,430,3,3,Medium,Medium,1,63,71,78,74,69,75,45
216335,Yuriy Gazinskiy,Russia,30,75,75,No Club,Free,"CDM, CM",184,75,Right,75,CDM,"Jul 1, 2013",,0,0,0,301,56,55,62,78,50,307,67,45,44,76,75,313,63,68,59,65,58,330,64,70,80,66,50,316,76,75,52,58,55,74,218,73,74,71,63,13,15,11,15,9,1848,399,4,3,Medium,Medium,1,66,55,66,68,72,72,9
251702,Pedro Vaquizo,Ecuador,34,75,75,No Club,Free,RW,180,70,Right,76,ST,"Jan 1, 2011",,0,0,0,366,68,74,78,72,74,346,79,65,61,64,77,383,78,79,77,80,69,367,74,85,74,70,64,305,79,23,76,67,60,71,64,23,20,21,52,12,8,13,9,10,1883,397,3,4,High,Low,1,79,71,68,78,27,74,3
251692,Alexander Aguilmera,Ecuador,34,75,75,No Club,Free,CB,194,83,Left,75,CB,"Jan 1, 2005",,0,0,0,286,54,39,75,64,54,233,45,42,35,51,60,202,34,32,32,71,33,336,70,64,71,89,42,287,86,71,29,44,57,65,234,76,78,80,55,16,6,13,7,13,1633,342,3,2,Medium,High,2,33,47,54,49,76,83,1
245307,Pablo Nicolás Dárenas,Uruguay,36,75,75,No Club,Free,GK,190,88,Right,75,GK,"Aug 10, 2018",,0,0,0,56,9,8,10,20,9,61,9,8,7,16,21,216,34,38,31,72,41,242,46,67,41,81,7,159,36,22,11,71,19,67,30,10,10,10,359,77,76,61,72,73,1123,395,2,1,Medium,Medium,1,77,76,61,73,36,72,6
245327,Diego Aaron Pámanes,Uruguay,32,75,75,No Club,Free,"ST, CF",180,71,Left,75,ST,"Aug 10, 2018",,0,0,0,355,61,78,77,62,77,331,76,62,63,55,75,348,73,78,62,79,56,334,76,55,61,69,73,292,57,34,72,65,64,65,76,31,23,22,62,8,14,12,16,12,1798,383,3,3,High,Medium,1,76,76,61,73,33,64,4
245322,Guillermo Luis Ichazo,Uruguay,28,75,75,No Club,Free,"CB, RB, LB",188,78,Right,75,CB,"Aug 10, 2018",,0,0,0,294,61,41,73,67,52,277,45,54,48,75,55,267,52,63,38,77,37,348,71,81,68,83,45,315,80,72,42,44,77,75,228,76,75,77,53,7,15,13,7,11,1782,372,3,2,Medium,Medium,1,58,50,61,49,75,79,15
205211,Milan Borjan,Canada,32,75,75,No Club,Free,GK,196,84,Right,75,GK,"Feb 6, 2020",,0,0,0,108,15,12,24,38,19,131,28,16,16,48,23,246,47,40,40,73,46,252,54,64,43,79,12,162,44,24,14,57,23,60,65,21,23,21,368,76,74,72,74,72,1332,411,2,1,Medium,Medium,1,76,74,72,72,43,74,10
222404,Mathias Normann,Norway,24,75,81,No Club,Free,"CDM, CM",179,75,Right,76,CDM,"Jan 28, 2019",,0,0,0,306,67,57,58,75,49,341,74,70,47,74,76,366,73,71,74,71,77,379,73,78,83,79,66,341,75,74,68,72,52,72,206,69,71,66,49,14,6,9,13,7,1988,428,3,3,Medium,High,1,72,62,71,75,69,79,135
251712,Juan José Santigaro,Ecuador,34,74,74,No Club,Free,GK,198,87,Right,74,GK,"Jan 1, 2014",,0,0,0,77,13,6,27,18,13,99,12,23,12,27,25,207,34,26,43,63,41,238,61,55,38,71,13,122,40,26,16,15,25,21,34,18,7,9,375,71,79,81,75,69,1152,405,3,1,Medium,Medium,1,71,79,81,69,30,75,3
219409,Vyacheslav Karavaev,Russia,25,74,77,No Club,Free,RB,175,70,Right,74,RB,"Sep 2, 2019",,0,0,0,311,76,52,62,71,50,333,68,64,63,69,69,366,76,77,71,69,73,342,73,64,86,59,60,322,69,62,70,66,55,72,212,68,73,71,58,14,13,12,9,10,1944,411,3,3,High,High,1,77,59,70,69,68,68,24
222560,Themba Zwane,South Africa,30,74,74,No Club,Free,"LW, RW, CAM",170,66,Right,75,CAM,"Jan 1, 2011",,0,0,0,290,61,69,39,76,45,359,80,63,70,70,76,368,80,77,61,75,75,322,59,55,78,67,63,282,29,35,74,80,64,66,154,68,47,39,49,10,8,9,14,8,1824,402,3,3,Medium,Medium,1,78,65,72,76,49,62,4
188537,Loïc Négo,Hungary,29,74,74,No Club,Free,RB,181,71,Right,74,RB,"Aug 31, 2015",,0,0,0,338,75,71,52,72,68,300,76,42,39,68,75,387,87,84,70,74,72,338,70,59,81,65,63,300,67,69,61,53,50,73,203,65,69,69,59,12,12,8,11,16,1925,428,3,4,High,Medium,1,85,68,65,75,66,69,6
216742,Miha Mevlja,Slovenia,30,74,74,No Club,Free,CB,190,83,Right,74,CB,"Sep 1, 2019",,0,0,0,275,52,34,72,69,48,268,55,42,42,71,58,328,71,69,65,71,52,294,47,63,71,81,32,277,63,78,35,54,47,75,231,78,77,76,60,9,12,12,14,13,1733,377,3,2,Medium,High,1,70,38,60,58,77,74,8
210695,Haitam Aleesami,Norway,28,73,73,No Club,Free,LB,183,81,Left,73,LB,"Jul 8, 2019",,0,0,0,302,71,55,67,69,40,340,70,66,66,66,72,351,74,78,70,70,59,326,61,53,82,70,60,320,68,65,60,67,60,70,203,62,72,69,55,12,15,11,10,7,1897,410,3,2,High,Medium,1,76,57,68,70,67,72,22
206114,Kristoffer Olsson,Sweden,25,73,78,No Club,Free,CM,181,69,Right,76,CAM,"Jan 7, 2019",,0,0,0,308,65,63,52,77,51,359,75,71,66,70,77,382,77,75,88,72,70,330,64,72,78,54,62,325,69,63,68,79,46,78,178,64,58,56,43,10,6,9,11,7,1925,412,3,4,High,Medium,1,76,62,73,77,60,64,40
251701,Víctor Sabanter,Ecuador,32,73,73,No Club,Free,"CDM, CM, RM",173,72,Right,73,CDM,"Jan 1, 2008",,0,0,0,276,64,34,59,72,47,298,58,50,52,67,71,356,68,64,72,74,78,365,72,91,78,69,55,320,87,70,52,65,46,71,221,70,76,75,55,12,12,11,8,12,1891,392,3,2,Medium,High,2,66,48,66,65,71,76,2
228182,Mohamed El Shenawy,Egypt,31,73,73,No Club,Free,GK,191,86,Right,73,GK,"Jul 9, 2016",,0,0,0,102,10,18,18,39,17,101,13,17,14,36,21,264,50,44,39,73,58,240,53,53,36,83,15,118,26,25,15,20,32,34,59,20,21,18,356,73,71,70,69,73,1240,403,3,1,Medium,Medium,1,73,71,70,73,47,69,8
228981,Yohan Boli,Ivory Coast,26,73,75,No Club,Free,ST,181,78,Right,75,ST,"Jan 12, 2020",,0,0,0,341,59,76,77,65,64,311,74,49,70,48,70,360,78,77,71,66,68,382,76,88,77,75,66,300,66,39,75,56,64,72,102,29,39,34,52,12,10,7,9,14,1848,394,3,3,High,Medium,1,77,73,59,72,39,74,31
254247,Mostafa Mohamed,Egypt,22,73,80,No Club,Free,ST,185,78,Right,75,ST,"Jul 1, 2016",,0,0,0,335,52,74,81,64,64,298,67,65,47,50,69,331,67,72,65,65,62,381,78,80,68,83,72,293,60,38,74,57,64,64,91,33,31,27,49,13,7,8,14,7,1778,380,4,2,High,Medium,1,70,73,57,67,38,75,50
187533,Alexey Ionov,Russia,31,73,73,No Club,Free,"RM, LM, ST",177,69,Right,73,RM,"Aug 31, 2017",,0,0,0,329,73,70,52,73,61,320,72,57,54,64,73,374,80,79,81,63,71,325,68,67,75,51,64,310,66,35,71,72,66,66,88,44,20,24,59,13,7,10,13,16,1805,385,4,3,Medium,Low,1,79,68,70,73,34,61,7
189167,Aron Gunnarsson,Iceland,31,73,73,No Club,Free,"CDM, CM",178,86,Right,73,CDM,"Jul 1, 2019",,0,0,0,321,64,57,68,71,61,322,66,56,59,70,71,323,55,52,73,71,72,353,70,73,72,72,66,338,83,76,63,64,52,68,207,64,72,71,52,11,6,16,10,9,1916,395,3,3,Low,High,1,53,62,67,69,70,74,14
167575,Anton Shunin,Russia,33,73,73,No Club,Free,GK,191,88,Left,73,GK,"Jan 1, 2005",,0,0,0,85,18,11,12,28,16,92,14,15,13,30,20,240,43,39,42,68,48,223,53,64,30,64,12,139,36,22,13,47,21,41,47,16,14,17,361,72,72,70,72,75,1187,402,3,1,Medium,Medium,1,72,72,70,75,41,72,10
221610,Dénes Dibusz,Hungary,29,73,73,No Club,Free,GK,188,81,Right,73,GK,"Jan 15, 2014",,0,0,0,86,14,15,18,23,16,91,16,14,19,22,20,156,27,20,21,67,21,159,53,34,19,36,17,89,20,19,13,18,19,65,45,12,15,18,363,74,72,70,72,75,989,386,3,1,Medium,Medium,1,74,72,70,75,23,72,18
229585,Miloš Degenek,Australia,26,73,78,No Club,Free,"CB, CDM",187,82,Right,75,CB,"Jul 6, 2020",,0,0,0,329,67,59,70,71,62,307,58,69,44,72,64,373,79,78,78,72,66,380,70,81,84,84,61,331,81,70,55,67,58,76,214,65,73,76,55,14,12,7,10,12,1989,424,4,2,High,High,1,78,62,68,63,70,83,42
251695,Jean Carlos Veria,Ecuador,36,73,73,No Club,Free,"LB, CB",186,81,Left,73,LB,"Jan 1, 2011",,0,0,0,292,68,37,73,72,42,292,38,58,66,62,68,320,68,72,52,72,56,358,77,74,68,78,61,272,73,70,38,48,43,50,216,73,72,71,52,12,10,7,8,15,1802,381,3,2,Medium,Medium,1,70,50,64,51,72,74,3
245977,Kiril Despodov,Bulgaria,23,73,79,No Club,Free,"RM, ST, LM",178,69,Right,74,CAM,"Jan 31, 2019",,0,0,0,331,68,75,48,69,71,349,73,70,72,62,72,384,85,85,74,66,74,358,81,79,68,57,73,274,58,23,71,70,52,72,84,25,31,28,50,10,12,10,5,13,1830,390,4,3,High,Medium,1,85,74,68,73,29,61,44
197117,Ioannis Fetfatzidis,Greece,29,73,73,No Club,Free,"RM, RW, CAM",165,66,Left,73,RM,"Feb 2, 2019",,0,0,0,296,74,58,25,75,64,352,76,68,67,63,78,395,82,75,84,63,91,326,65,77,68,47,69,278,50,23,66,74,65,61,94,44,30,20,50,10,5,7,13,15,1791,376,2,4,Medium,Low,2,78,63,72,78,31,54,16
229739,Jacek Góralski,Poland,27,72,73,No Club,Free,CDM,172,66,Right,72,CDM,"Jan 19, 2020",,0,0,0,265,51,42,55,70,47,290,61,46,46,70,67,369,70,72,83,63,81,317,50,62,85,74,46,331,90,72,62,64,43,75,206,66,69,71,47,11,14,7,10,5,1825,393,2,3,Medium,High,1,71,46,63,66,68,79,13
251710,Erick Lardero,Ecuador,31,72,72,No Club,Free,ST,177,79,Right,72,ST,"Jan 1, 2014",,0,0,0,308,52,76,62,62,56,253,65,37,33,52,66,355,77,75,65,73,65,375,82,67,78,79,69,304,73,33,72,60,66,65,51,11,21,19,50,15,10,10,6,9,1696,372,3,3,Medium,Medium,1,76,74,55,66,24,77,1
193336,Vid Belec,Slovenia,30,72,73,No Club,Free,GK,192,84,Right,72,GK,"Sep 25, 2020",,0,0,0,68,11,10,13,24,10,86,13,11,13,28,21,249,53,43,55,67,31,215,45,75,20,59,16,103,25,21,11,23,23,70,40,19,10,11,350,73,72,60,71,74,1111,398,3,1,Medium,Medium,1,73,72,60,74,48,71,7
251718,Bruno Vendaza,Ecuador,39,72,72,No Club,Free,CDM,181,72,Right,72,CDM,"Jan 1, 2014",,0,0,0,251,57,35,65,71,23,272,59,39,41,66,67,310,63,62,57,69,59,290,41,63,77,76,33,303,79,74,47,59,44,53,214,73,74,67,62,15,12,12,11,12,1702,370,2,2,Medium,High,1,62,36,62,62,72,76,2
219740,Mahmoud Abdelhamid Soliman,Egypt,26,72,72,No Club,Free,"LM, RM, ST",182,76,Right,72,LM,"Dec 12, 2019",,0,0,0,317,65,68,64,66,54,316,76,67,44,57,72,375,80,82,78,69,66,343,72,68,67,66,70,298,63,28,73,67,67,60,91,44,29,18,54,7,9,16,15,7,1794,390,4,4,High,Low,1,81,69,64,74,36,66,6
233601,Ramadan Sobhi,Egypt,23,72,78,No Club,Free,"LM, LW",183,77,Right,73,CAM,"Sep 7, 2020",,0,0,0,327,66,67,63,70,61,354,78,70,63,67,76,347,68,72,73,66,68,348,68,58,75,82,65,333,65,65,67,71,65,75,174,58,66,50,62,12,13,15,12,10,1945,419,4,4,High,High,1,70,66,69,76,62,76,53
211592,Andrey Semenov,Russia,31,72,72,No Club,Free,CB,190,86,Right,72,CB,"Feb 4, 2014",,0,0,0,260,50,36,63,74,37,263,55,33,36,69,70,273,55,52,43,69,54,324,55,78,75,81,35,242,55,76,26,34,51,66,221,69,78,74,57,11,8,16,7,15,1640,356,3,2,Medium,High,1,53,40,57,59,73,74,4
228237,Christian Kouamé Koffi,Ivory Coast,29,72,72,No Club,Free,"CDM, CB",188,88,Right,72,CDM,"Jan 1, 2015",,0,0,0,297,60,54,65,73,45,301,67,47,49,69,69,304,62,66,58,66,52,326,59,64,78,84,41,305,74,72,37,59,63,60,208,66,73,69,53,15,7,12,13,6,1794,397,3,3,Medium,High,1,64,52,65,66,70,80,6
197300,Abdallah Said,Egypt,34,72,72,No Club,Free,"CAM, RM",175,72,Right,72,CAM,"Jan 4, 2019",,0,0,0,356,71,78,66,74,67,361,69,73,74,71,74,336,64,60,70,66,76,340,75,54,72,62,77,318,43,49,77,72,77,76,121,42,52,27,53,8,9,15,10,11,1885,390,4,3,Medium,Medium,1,62,77,73,71,47,60,3
251693,Anthony Alfárnez,Ecuador,35,72,72,No Club,Free,ST,182,78,Right,72,ST,"Jan 1, 2010",,0,0,0,315,52,71,65,60,67,316,74,58,61,50,73,354,79,79,64,75,57,357,72,70,74,75,66,287,63,25,74,57,68,75,86,12,37,37,49,10,14,9,6,10,1764,379,3,3,Medium,High,2,79,70,56,72,30,72,4
212783,Omar Gaber,Egypt,28,72,72,No Club,Free,"RB, CDM, RM",175,71,Right,72,RB,"Jul 12, 2018",,0,0,0,313,66,55,63,73,56,306,68,52,46,68,72,381,79,76,76,70,80,334,70,65,74,63,62,310,76,68,58,62,46,69,204,66,69,69,49,8,10,13,12,6,1897,408,4,2,Medium,High,1,77,59,66,71,67,68,6
187601,Soslan Dzhanaev,Russia,33,72,72,No Club,Free,GK,188,85,Right,72,GK,"Oct 1, 2019",,0,0,0,90,19,13,12,27,19,85,12,16,14,22,21,252,45,47,47,70,43,229,52,68,18,72,19,112,29,21,14,34,14,33,43,19,13,11,354,74,67,69,71,73,1165,400,2,1,Medium,Medium,1,74,67,69,73,46,71,3
253946,Hussein El Shahat,Egypt,28,72,72,No Club,Free,"RW, RM",171,64,Right,72,RW,"Jan 6, 2019",,0,0,0,299,68,67,40,64,60,333,77,68,57,59,72,396,83,83,82,68,80,328,69,55,72,62,70,313,59,59,68,67,60,65,139,45,47,47,49,10,10,11,12,6,1857,403,3,2,High,Medium,1,83,67,65,76,48,64,4
203766,Ahmed El Shenawy,Egypt,29,72,73,No Club,Free,GK,189,83,Right,72,GK,"Jul 28, 2018",,0,0,0,81,19,10,11,26,15,92,13,10,13,35,21,235,33,35,35,69,63,207,53,52,20,72,10,126,22,23,13,47,21,46,39,20,10,9,357,72,68,70,73,74,1137,391,4,1,Medium,Medium,1,72,68,70,74,34,73,5
202746,Thulani Serero,South Africa,30,72,72,No Club,Free,"CM, CDM",172,68,Right,72,CM,"Aug 25, 2019",,0,0,0,271,50,50,46,80,45,329,73,65,42,69,80,400,82,77,82,74,85,267,46,57,80,39,45,321,68,75,58,71,49,75,189,66,69,54,57,7,14,14,12,10,1834,394,4,3,Low,High,1,79,48,68,77,66,56,5
201549,Nemanja Nikolić,Hungary,32,71,71,No Club,Free,ST,180,79,Right,71,ST,"Feb 6, 2020",,0,0,0,332,55,73,71,65,68,317,65,71,67,42,72,336,64,66,65,71,70,359,75,71,72,75,66,296,57,29,73,63,74,71,73,39,15,19,53,13,6,13,11,10,1766,366,4,3,Medium,Low,2,65,72,60,68,31,70,13
241232,Thamsanqa Mkhize,South Africa,31,71,71,No Club,Free,"RB, CB, CDM",179,72,Right,71,RB,"Jul 10, 2016",,0,0,0,286,64,53,61,68,40,278,69,44,29,65,71,332,74,75,57,58,68,290,44,66,72,63,45,277,61,64,66,46,40,64,212,66,70,76,48,9,13,13,5,8,1723,383,3,3,Medium,Medium,1,75,49,59,68,67,65,4
214373,Antony Silva,Paraguay,36,71,71,No Club,Free,GK,190,92,Right,71,GK,"Aug 1, 2020",,0,0,0,101,19,12,20,38,12,90,16,16,12,21,25,227,38,40,45,73,31,221,48,57,32,72,12,134,24,17,14,54,25,37,44,15,14,15,342,70,67,64,70,71,1159,381,3,1,Medium,Medium,1,70,67,64,71,39,70,7
216468,Juan Pablo Añor,Venezuela,26,71,72,No Club,Free,"RM, CM, CAM",176,67,Left,72,CAM,"Oct 1, 2020",,0,0,0,323,73,66,52,72,60,359,71,69,77,70,72,347,66,69,75,64,73,332,75,59,68,57,73,291,42,38,73,72,66,68,128,44,45,39,46,8,6,12,14,6,1826,380,3,3,Medium,Medium,1,68,69,72,71,43,57,25
221865,Abdallah Gomaa,Egypt,24,71,75,No Club,Free,"LB, LM, RM",168,64,Left,71,LB,"Aug 16, 2017",,0,0,0,283,67,54,50,66,46,314,71,64,53,56,70,403,86,84,84,65,84,350,68,73,75,67,67,311,55,68,65,58,65,55,194,63,64,67,62,8,12,14,14,14,1917,409,3,3,High,Medium,1,85,60,62,72,63,67,8
186296,Roman Neustädter,Russia,32,71,71,No Club,Free,"CB, CDM",188,81,Right,72,CDM,"Oct 1, 2019",,0,0,0,282,50,39,73,73,47,304,62,53,50,69,70,256,38,41,56,70,51,350,70,65,78,74,63,317,66,71,53,69,58,63,218,66,79,73,61,6,13,15,13,14,1788,366,4,2,Medium,Medium,2,40,52,65,64,72,73,7
217082,Wilker Ángel,Venezuela,27,71,73,No Club,Free,CB,188,84,Right,73,CB,"Aug 2, 2016",,0,0,0,207,34,21,70,58,24,202,38,32,25,50,57,263,53,61,39,68,42,298,42,70,62,87,37,247,77,73,27,34,36,63,208,72,70,66,53,12,9,10,10,12,1478,326,3,2,Medium,High,1,57,30,44,46,71,78,5
211448,Mahmoud Alaa,Egypt,29,71,71,No Club,Free,CB,189,87,Right,71,CB,"Aug 12, 2017",,0,0,0,255,51,35,78,66,25,250,48,42,39,63,58,285,56,59,55,63,52,304,56,64,70,85,29,307,72,71,33,57,74,72,212,70,72,70,58,15,13,11,10,9,1671,358,3,2,Medium,Medium,1,58,39,58,53,72,78,4
208866,Neuciano Jesus de Gusmão,Bulgaria,31,71,71,No Club,Free,RB,168,65,Right,71,RB,"Jul 1, 2015",,0,0,0,287,67,56,52,71,41,315,73,49,57,65,71,397,81,76,80,70,90,293,55,76,70,47,45,308,71,69,58,61,49,70,204,66,71,67,52,8,11,14,10,9,1856,397,2,3,High,Medium,1,78,53,66,74,67,59,3
221641,Wilfried Kanon,Ivory Coast,26,71,73,No Club,Free,CB,188,85,Left,73,CB,"Sep 18, 2019",,0,0,0,252,53,32,72,60,35,239,63,33,30,53,60,293,62,67,52,62,50,326,63,74,69,82,38,253,75,70,25,40,43,62,216,72,72,72,54,8,13,15,7,11,1633,365,3,2,Medium,Medium,1,65,40,51,60,72,77,14
225551,Egor Sorokin,Russia,24,70,76,No Club,Free,CB,189,81,Left,72,CB,"Feb 27, 2014",,0,0,0,232,30,25,70,54,53,200,32,29,33,50,56,273,58,67,43,67,38,284,47,72,64,75,26,242,71,72,24,32,43,60,214,73,72,69,54,8,15,8,11,12,1499,322,3,2,Low,Medium,1,63,32,42,42,72,71,10
254252,Mohamed Hany,Egypt,24,70,75,No Club,Free,RB,175,72,Right,70,RB,"Jan 1, 2015",,0,0,0,313,71,48,60,68,66,322,67,67,55,64,69,363,76,74,76,64,73,323,64,70,70,64,55,295,63,66,63,58,45,66,200,66,66,68,53,10,12,11,5,15,1869,395,3,2,Medium,Medium,1,75,54,65,69,66,66,8
251694,Enrique Sancero,Ecuador,34,70,70,No Club,Free,"LM, CM",174,71,Left,70,LM,"Jan 1, 2011",,0,0,0,323,71,60,50,70,72,349,70,70,70,68,71,352,71,65,75,65,76,344,73,67,73,58,73,295,33,65,66,66,65,71,148,34,62,52,71,16,14,15,12,14,1882,383,3,3,Medium,Medium,1,68,66,69,71,52,57,2
251713,Carlos Lendezo,Ecuador,26,70,70,No Club,Free,"LM, RM",170,69,Right,71,RW,"Jan 1, 2014",,0,0,0,301,59,68,64,54,56,316,77,64,52,45,78,391,88,88,72,61,82,314,64,70,62,58,60,268,56,15,73,61,63,59,70,33,15,22,60,12,14,14,12,8,1720,369,3,3,High,Medium,1,88,65,55,76,26,59,2
205894,Plamen Iliev,Bulgaria,28,70,73,No Club,Free,GK,180,69,Right,70,GK,"Jan 12, 2019",,0,0,0,88,17,12,19,27,13,84,13,19,15,19,18,271,50,48,54,60,59,235,51,78,38,52,16,123,33,22,14,39,15,42,53,21,20,12,349,69,67,68,70,75,1203,398,3,1,Medium,Medium,1,69,67,68,75,49,70,8
222537,Ahmed Sayed,Egypt,24,70,73,No Club,Free,"RW, CAM",174,67,Right,72,RM,"Jan 25, 2019",,0,0,0,302,68,64,43,70,57,329,72,65,55,67,70,385,78,82,78,69,78,355,72,69,76,72,66,295,53,58,65,65,54,59,152,50,56,46,48,13,6,8,12,9,1866,405,4,3,High,Medium,1,80,65,67,72,52,69,5
196688,Aldo Corzo,Peru,31,70,70,No Club,Free,"RB, RWB",173,75,Right,70,RB,"Sep 18, 2019",,0,0,0,249,68,35,55,60,31,274,58,46,50,55,65,355,72,70,74,66,73,289,68,43,67,62,49,297,68,68,66,52,43,50,216,72,72,72,54,15,12,8,13,6,1734,372,3,3,Medium,Medium,1,71,46,58,63,70,64,10
213106,Rúnar Már Sigurjónsson,Iceland,30,70,70,No Club,Free,"CM, CDM",178,83,Right,70,CM,"Jul 1, 2019",,0,0,0,330,68,67,59,71,65,355,68,73,71,71,72,334,65,66,62,63,78,395,79,76,84,79,77,354,86,62,66,72,68,66,146,39,54,53,53,10,8,15,9,11,1967,411,4,3,High,Medium,1,66,71,71,69,52,82,4
206435,Apostolos Giannou,Australia,30,70,70,No Club,Free,ST,185,72,Right,70,ST,"Jan 26, 2018",,0,0,0,317,41,74,78,63,61,283,66,54,34,61,68,314,62,70,62,59,61,361,72,73,71,79,66,282,65,25,72,54,66,66,64,23,22,19,59,13,7,15,14,10,1680,360,4,3,High,Medium,1,66,71,55,66,28,74,5
241781,Mohamed Awad,Egypt,27,70,72,No Club,Free,GK,182,73,Right,70,GK,"Jul 31, 2019",,0,0,0,70,10,7,22,19,12,111,25,24,14,28,20,260,42,55,42,68,53,221,50,70,37,55,9,114,38,16,9,37,14,58,29,9,10,10,342,70,66,67,67,72,1147,391,2,1,Medium,Medium,1,70,66,67,72,49,67,5
133249,Emil Hallfreðsson,Iceland,36,70,70,No Club,Free,"CM, CDM",186,86,Left,71,CDM,"Jan 6, 2020",,0,0,0,317,68,50,60,77,62,369,74,74,72,74,75,297,59,49,59,62,68,332,80,59,49,74,70,351,76,72,62,72,69,76,211,71,72,68,50,7,8,13,8,14,1927,398,3,3,High,High,2,54,62,73,72,70,67,5
211339,Rudy Cardozo,Bolivia,30,70,70,No Club,Free,LM,171,70,Left,70,LM,"Jan 1, 2018",,0,0,0,285,70,59,46,68,42,309,67,53,57,66,66,370,73,75,73,73,76,298,63,48,85,44,58,286,39,48,65,70,64,63,174,59,58,57,55,9,7,12,12,15,1777,376,1,3,Medium,Medium,1,74,59,67,68,55,53,5
211378,Jackson Irvine,Australia,27,70,72,No Club,Free,"CDM, CAM, CM",188,70,Right,72,ST,"Aug 30, 2017",,0,0,0,331,61,70,76,66,58,321,68,60,58,63,72,311,64,55,62,72,58,379,75,80,81,78,65,341,76,68,72,70,55,69,200,65,71,64,51,7,13,11,9,11,1934,407,3,3,Medium,High,1,59,69,65,68,68,78,11
225445,Damjan Bohar,Slovenia,28,70,70,No Club,Free,LM,172,69,Right,70,LM,"Sep 23, 2020",,0,0,0,292,67,71,43,66,45,311,69,65,47,62,68,372,83,81,81,57,70,328,69,51,82,60,66,266,45,34,66,63,58,55,93,35,30,28,55,11,12,13,9,10,1717,377,3,3,High,Medium,1,82,67,64,69,33,62,5
233437,Sifiso Hlanti,South Africa,30,70,70,No Club,Free,"LB, LM, CB",182,78,Left,70,LB,"Jul 1, 2016",,0,0,0,253,76,31,54,59,33,294,70,51,38,68,67,311,72,70,52,59,58,258,42,60,62,66,28,267,53,69,51,51,43,63,213,67,77,69,49,12,13,5,14,5,1645,363,3,3,Medium,Medium,1,71,34,61,66,69,62,3
206550,Bradley Grobler,South Africa,32,70,70,No Club,Free,ST,183,78,Right,70,ST,"Jun 5, 2015",,0,0,0,333,62,75,71,66,59,247,71,50,26,34,66,350,78,75,66,61,70,335,67,73,70,70,55,260,32,23,73,60,72,61,94,29,36,29,53,7,11,14,8,13,1672,365,3,3,Medium,Medium,1,76,68,56,68,34,63,2
223208,Zsolt Kalmár,Hungary,25,70,75,No Club,Free,"CAM, CM",185,81,Right,72,CAM,"Jul 6, 2018",,0,0,0,316,65,67,55,70,59,348,71,70,66,68,73,334,62,64,73,71,64,328,73,68,55,58,74,291,47,48,67,70,59,70,147,57,46,44,54,14,7,12,15,6,1818,378,3,3,High,Medium,1,63,69,69,71,50,56,11
253945,Mohamed Magdy,Egypt,24,70,74,No Club,Free,"CAM, CM, RM",168,66,Right,72,CAM,"Jul 31, 2019",,0,0,0,332,70,65,60,70,67,359,73,72,70,70,74,359,73,66,75,65,80,325,68,65,69,54,69,300,49,48,66,70,67,70,138,44,52,42,52,12,11,8,7,14,1865,385,4,2,High,Medium,1,69,67,70,73,49,57,10
175608,Ahmed Fathi,Egypt,35,70,70,No Club,Free,"RB, CDM",176,78,Right,70,RB,"Jul 28, 2015",,0,0,0,303,67,56,50,68,62,294,65,60,35,66,68,329,62,64,68,67,68,344,72,57,74,74,67,327,77,69,62,62,57,65,211,72,71,68,61,15,6,9,15,16,1869,398,4,2,Medium,High,2,63,62,64,66,69,74,4
252683,Baher El Mohamady,Egypt,23,69,74,No Club,Free,"CB, RB",180,75,Right,71,CB,"Sep 1, 2019",,0,0,0,258,64,31,68,63,32,279,66,46,47,56,64,350,75,78,67,64,66,326,53,78,71,78,46,279,70,68,42,57,42,59,207,67,68,72,60,8,15,11,14,12,1759,384,3,2,Medium,Medium,1,77,40,59,65,68,75,7
228116,Arquímedes Figuera,Venezuela,30,69,69,No Club,Free,"CDM, CM",170,68,Right,69,CDM,"Jul 2, 2020",,0,0,0,216,45,22,64,68,17,290,59,50,51,70,60,340,69,66,66,64,75,315,61,69,77,59,49,306,68,74,44,65,55,71,205,72,66,67,45,12,9,9,8,7,1717,362,3,2,Medium,Medium,1,67,38,61,61,69,66,21
251703,José Borgueray,Ecuador,30,69,70,No Club,Free,GK,199,87,Right,69,GK,"Jan 1, 2011",,0,0,0,67,11,15,11,22,8,94,13,14,13,33,21,247,50,50,48,71,28,227,46,74,28,66,13,172,57,26,18,36,35,61,45,20,11,14,331,65,63,61,69,73,1183,381,2,1,Medium,Medium,1,65,63,61,73,50,69,6
243753,Wonlo Coulibaly,Ivory Coast,28,69,69,No Club,Free,LB,179,69,Left,69,LB,"Jan 1, 2018",,0,0,0,253,67,42,50,62,32,263,67,39,41,50,66,351,72,72,70,63,74,290,35,70,74,69,42,280,64,67,58,49,42,52,206,65,71,70,45,12,8,8,6,11,1688,371,3,2,Medium,Medium,1,72,41,56,67,66,69,32
251706,Ángel Morenzo,Ecuador,28,69,69,No Club,Free,"CAM, LM",167,62,Left,69,CAM,"Jan 1, 2011",,0,0,0,298,66,54,55,69,54,316,75,53,55,60,73,390,74,67,93,66,90,286,63,83,53,27,60,243,39,29,65,67,43,52,121,69,25,27,57,14,8,13,13,9,1711,350,4,3,Medium,Medium,1,70,57,65,77,42,39,31
251708,Luis Conderia,Ecuador,27,69,69,No Club,Free,ST,189,84,Right,69,ST,"Jan 1, 2014",,0,0,0,338,46,79,83,60,70,290,61,63,49,49,68,290,53,53,66,59,59,370,68,80,78,79,65,284,72,30,69,46,67,57,98,15,43,40,48,8,6,8,15,11,1718,353,3,2,High,Medium,1,53,72,52,63,36,77,14
251717,Santiago Herreyra,Ecuador,27,69,72,No Club,Free,CB,190,87,Right,71,CB,"Jan 1, 2014",,0,0,0,201,34,21,69,53,24,182,38,32,25,42,45,263,53,61,39,68,42,283,42,53,62,89,37,242,81,64,27,34,36,43,206,75,70,61,60,15,8,10,12,15,1437,318,3,2,Medium,Medium,1,57,30,41,42,69,79,2
218431,Amr El Solia,Egypt,31,69,69,No Club,Free,"CDM, CM",185,77,Right,69,CDM,"Jan 24, 2016",,0,0,0,289,45,56,67,73,48,313,65,63,47,68,70,310,62,64,64,60,60,354,72,72,74,71,65,314,69,68,56,65,56,66,199,65,68,66,66,10,15,15,15,11,1845,391,4,3,Medium,Medium,1,63,61,63,66,67,71,9
233545,Anton Nedyalkov,Bulgaria,27,69,70,No Club,Free,"LB, CB",181,70,Left,69,LB,"Jun 23, 2018",,0,0,0,288,66,44,58,66,54,299,67,56,51,60,65,320,67,63,60,65,65,304,48,70,74,66,46,281,58,67,72,43,41,65,202,65,70,67,53,12,9,9,12,11,1747,370,3,3,High,Medium,1,65,47,59,66,66,67,12
208714,Dragoș Grigore,Romania,33,69,69,No Club,Free,CB,185,76,Right,69,CB,"Jul 1, 2018",,0,0,0,272,45,41,71,63,52,263,44,52,53,66,48,307,64,61,59,68,55,349,68,69,70,80,62,309,76,70,52,55,56,73,205,67,70,68,55,10,8,15,9,13,1760,364,2,2,Medium,High,1,62,52,57,48,69,76,7
220246,Buhle Mkhwanazi,South Africa,30,69,69,No Club,Free,"CB, CDM",182,75,Right,69,CB,"Jan 1, 2013",,0,0,0,224,43,24,66,59,32,204,39,24,32,68,41,318,69,67,54,62,66,296,53,73,72,76,22,226,66,61,20,35,44,66,229,76,79,74,65,15,9,14,11,16,1562,338,3,2,Medium,Medium,1,68,31,49,44,73,73,20
218971,Sylvain Gbohouo,Ivory Coast,31,69,69,No Club,Free,GK,190,82,Right,69,GK,"Jan 1, 2015",,0,0,0,62,13,12,11,14,12,68,11,16,11,13,17,243,40,42,40,66,55,231,50,55,30,80,16,113,31,12,11,36,23,13,40,15,13,12,340,69,67,67,71,66,1097,381,2,1,Medium,Medium,1,69,67,67,66,41,71,22
213615,Ronwen Williams,South Africa,28,69,71,No Club,Free,GK,183,71,Right,69,GK,"Jun 1, 2009",,0,0,0,95,19,16,13,32,15,110,23,15,23,34,15,285,51,62,42,70,60,221,49,61,39,53,19,119,34,24,14,29,18,19,60,23,24,13,338,71,64,65,67,71,1228,395,3,1,Medium,Medium,1,71,64,65,71,57,67,2
204445,Michael Smith,Northern Ireland,31,69,69,No Club,Free,"RB, CB",180,71,Right,69,RB,"Jul 4, 2017",,0,0,0,268,67,38,63,65,35,290,64,55,43,64,64,345,74,69,68,65,69,323,42,77,83,72,49,313,67,64,55,62,65,65,198,65,67,66,59,13,9,16,7,14,1796,381,4,2,High,High,1,71,43,63,65,65,74,13
193772,Ádám Kovácsik,Hungary,29,69,70,No Club,Free,GK,193,86,Right,69,GK,"Aug 25, 2015",,0,0,0,91,13,20,10,32,16,99,17,14,14,33,21,276,53,43,65,60,55,238,47,75,35,65,16,134,45,22,11,23,33,56,46,17,15,14,340,68,64,63,70,75,1224,388,2,1,Medium,Medium,1,68,64,63,75,48,70,4
246822,Gerardo Ortiz,Paraguay,31,69,69,No Club,Free,GK,187,84,Left,69,GK,"Jan 5, 2018",,0,0,0,62,11,8,12,22,9,73,5,12,12,24,20,204,30,30,37,62,45,194,47,46,30,64,7,68,19,8,7,21,13,31,31,5,14,12,339,68,70,63,64,74,971,369,2,1,Medium,Medium,1,68,70,63,74,30,64,13
240875,Mathías Villasanti,Paraguay,23,69,75,No Club,Free,"CM, RM",178,69,Right,71,CM,"Jul 1, 2016",,0,0,0,272,40,64,51,73,44,293,69,41,40,71,72,350,68,72,67,71,72,336,62,63,77,68,66,286,40,68,65,62,51,58,173,51,64,58,55,13,6,9,14,13,1765,386,3,2,Medium,Medium,1,70,62,61,70,59,64,7
163824,Ashley Williams,Wales,35,69,69,No Club,Free,CB,183,77,Right,69,CB,"Aug 23, 2019",,0,0,0,232,32,37,67,62,34,244,57,34,23,70,60,250,36,40,51,64,59,295,64,60,51,80,40,277,78,73,28,53,45,66,208,72,66,70,50,7,10,16,7,10,1556,332,4,2,Medium,Medium,3,38,43,52,58,70,71,51
248053,Santiago Arzamendia,Paraguay,22,69,79,No Club,Free,LB,172,69,Left,70,LWB,"Jul 1, 2017",,0,0,0,265,69,51,40,68,37,319,64,56,60,69,70,354,73,72,70,60,79,316,65,55,70,55,71,254,70,57,47,35,45,51,214,69,73,72,47,14,7,6,9,11,1769,384,3,2,Medium,Medium,1,72,57,61,67,65,62,30
252360,Cheick Comara,Ivory Coast,26,69,72,No Club,Free,"CB, LB",185,72,Left,71,CB,"Aug 9, 2017",,0,0,0,227,45,22,70,64,26,200,38,28,29,52,53,309,64,68,60,61,56,284,45,67,70,76,26,242,73,69,31,38,31,61,212,69,72,71,46,15,8,7,8,8,1520,335,2,2,Medium,Medium,1,66,29,50,47,70,73,7
186655,José Carvallo,Peru,34,68,68,No Club,Free,GK,182,82,Right,68,GK,"Jan 1, 2013",,0,0,0,73,13,10,12,24,14,96,20,13,20,24,19,271,52,54,46,64,55,195,52,52,30,45,16,114,43,22,13,23,13,50,35,10,12,13,338,73,67,69,68,61,1122,391,2,1,Medium,Medium,1,73,67,69,61,53,68,3
239391,Juan Carlos Gaete,Chile,24,68,73,No Club,Free,"LM, LW",174,66,Right,69,RM,"Jul 1, 2019",,0,0,0,285,63,51,56,62,53,314,70,61,53,62,68,394,91,92,86,54,71,313,65,59,71,62,56,260,54,17,64,61,64,56,65,41,14,10,50,13,6,13,6,12,1681,370,3,2,High,Low,1,92,56,62,70,27,63,10
251704,Juan Mejídez,Ecuador,35,68,68,No Club,Free,"RM, CM",168,62,Right,68,RM,"Jan 1, 2012",,0,0,0,277,64,50,43,65,55,308,71,61,48,58,70,381,78,77,81,66,79,307,71,58,74,36,68,260,50,34,64,60,52,65,83,18,32,33,56,16,16,8,6,10,1672,348,3,3,Medium,Low,1,77,59,62,72,29,49,2
251705,Jorge Breitez,Ecuador,34,68,68,No Club,Free,LB,174,71,Left,69,CB,"Jan 1, 2012",,0,0,0,249,53,48,64,62,22,260,61,34,35,64,66,337,77,78,72,57,53,272,21,82,75,77,17,260,78,61,37,44,40,53,211,76,72,63,55,12,6,10,13,14,1644,375,2,2,Medium,Medium,1,78,34,54,63,69,77,9
198479,Paulus Arajuuri,Finland,32,68,68,No Club,Free,CB,193,92,Right,68,CB,"Aug 28, 2019",,0,0,0,215,27,36,70,57,25,214,39,43,28,59,45,203,34,33,36,63,37,303,51,71,66,91,24,233,81,71,29,32,20,64,194,61,68,65,58,8,13,16,13,8,1420,302,2,2,Medium,High,1,33,35,44,42,66,82,20
253563,Aldair Rodríguez,Peru,25,68,71,No Club,Free,"ST, RW",186,84,Right,70,ST,"Sep 22, 2020",,0,0,0,310,51,72,62,60,65,258,65,48,35,39,71,359,69,73,71,70,76,327,69,63,75,54,66,246,49,25,74,49,49,57,80,25,25,30,47,10,7,11,9,10,1627,347,3,3,High,Low,1,71,69,51,68,29,59,5
216477,Todor Nedelev,Bulgaria,27,68,68,No Club,Free,"RM, CAM",177,72,Left,68,RM,"Jul 1, 2017",,0,0,0,282,66,67,23,67,59,337,68,69,70,63,67,342,71,68,73,64,66,305,72,49,65,50,69,283,50,28,69,65,71,53,99,34,34,31,44,10,9,8,7,10,1692,356,3,3,Medium,Medium,1,69,68,66,68,31,54,35
201707,Attila Fiola,Hungary,30,68,68,No Club,Free,"RB, CB",183,76,Right,68,RB,"Aug 31, 2016",,0,0,0,256,68,24,67,64,33,255,56,45,30,64,60,341,72,67,73,64,65,286,42,72,67,62,43,301,79,64,56,49,53,56,201,64,67,70,44,9,13,7,9,6,1684,356,3,2,Medium,High,1,69,35,59,60,66,67,9
166851,Kári Árnason,Iceland,37,68,68,No Club,Free,CB,191,82,Right,68,CB,"Jul 1, 2019",,0,0,0,261,48,43,68,59,43,267,49,52,51,62,53,214,30,30,29,66,59,316,70,78,33,82,53,305,78,74,41,60,52,71,194,73,63,58,57,12,15,10,13,7,1614,325,2,2,Low,Medium,1,30,51,57,50,68,69,21
223207,Ádám Lang,Hungary,27,68,70,No Club,Free,CB,188,83,Right,70,CB,"Jul 1, 2019",,0,0,0,237,49,36,70,52,30,217,32,28,50,48,59,297,55,61,59,55,67,299,48,71,61,76,43,273,75,70,46,26,56,65,207,66,72,69,53,6,9,13,9,16,1583,330,3,2,Medium,Medium,1,58,41,44,46,69,72,1
164858,Tim Sparv,Finland,33,68,68,No Club,Free,"CDM, CM",194,84,Left,68,CDM,"Aug 1, 2020",,0,0,0,279,59,48,66,67,39,300,52,60,58,64,66,233,30,32,48,71,52,305,68,31,67,75,64,307,75,68,60,62,42,70,195,69,66,60,57,7,9,12,15,14,1676,344,2,2,Medium,Medium,1,31,55,63,57,67,71,8
222226,Vasil Bozhikov,Bulgaria,32,67,67,No Club,Free,CB,185,80,Left,67,CB,"Jul 29, 2017",,0,0,0,248,61,37,60,60,30,188,38,28,24,47,51,311,58,54,67,66,66,279,26,77,63,75,38,256,67,66,49,39,35,61,205,64,71,70,46,7,12,7,11,9,1533,328,3,2,Medium,High,1,56,35,51,48,67,71,5
196913,Jhasmani Campos,Bolivia,32,67,67,No Club,Free,"CAM, LM, CM",174,64,Left,67,CAM,"Dec 21, 2017",,0,0,0,292,58,58,45,72,59,356,69,78,75,64,70,339,66,64,71,59,79,325,68,57,77,58,65,282,39,29,61,72,81,64,54,10,21,23,57,9,16,15,10,7,1705,347,3,3,Medium,Low,1,65,63,68,70,22,59,9
212518,Badra Ali Sangaré,Ivory Coast,34,67,67,No Club,Free,GK,181,78,Right,67,GK,"Nov 17, 2015",,0,0,0,92,14,13,16,30,19,96,19,15,19,25,18,246,45,40,38,60,63,220,47,65,24,65,19,114,28,19,19,29,19,49,56,16,20,20,332,69,65,63,67,68,1156,374,3,1,Medium,Medium,1,69,65,63,68,42,67,12
251699,Mathías Guerreyro,Ecuador,32,67,67,No Club,Free,"RM, RW",178,70,Right,67,RM,"Jan 1, 2011",,0,0,0,260,71,35,42,66,46,327,69,61,62,66,69,336,72,69,67,67,61,278,38,53,68,66,53,311,61,57,57,67,69,69,137,30,56,51,65,11,14,13,13,14,1714,360,3,3,Medium,Medium,1,70,43,67,68,47,65,4
251719,Mateo Farrero,Ecuador,27,67,67,No Club,Free,CAM,167,69,Right,68,RW,"Jan 1, 2013",,0,0,0,285,63,57,48,64,53,345,69,70,77,59,70,403,80,76,88,67,92,300,71,58,70,33,68,302,67,53,65,64,53,72,165,64,54,47,58,14,11,13,7,13,1858,382,4,3,Medium,Medium,1,78,62,64,72,56,50,27
222031,Thato Mokeke,South Africa,29,67,67,No Club,Free,"CDM, LB, CM",176,69,Left,67,CDM,"Jan 1, 2019",,0,0,0,292,63,39,61,72,57,291,68,42,41,71,69,345,74,70,68,55,78,285,57,66,77,55,30,257,38,64,51,60,44,75,199,60,75,64,64,11,11,14,12,16,1733,372,4,3,Medium,Medium,1,72,43,65,68,66,58,32
238942,Nemanja Mitrović,Slovenia,27,67,68,No Club,Free,CB,192,88,Right,68,CB,"Aug 27, 2019",,0,0,0,188,26,19,67,52,24,203,33,40,31,49,50,265,54,61,46,62,42,321,58,76,70,90,27,233,71,64,28,38,32,52,193,61,67,65,52,9,8,13,14,8,1455,316,3,2,Medium,Medium,1,58,30,42,41,64,81,30
238945,Miha Blažič,Slovenia,27,67,70,No Club,Free,CB,185,81,Right,69,CB,"Aug 31, 2017",,0,0,0,200,28,30,67,46,29,178,31,26,32,43,46,284,57,58,47,67,55,289,48,71,59,78,33,226,63,66,25,34,38,52,207,71,69,67,53,6,11,13,12,11,1437,309,3,2,Medium,Medium,1,58,34,38,40,69,70,23
246141,Filip Holender,Hungary,25,67,70,No Club,Free,ST,180,75,Left,70,ST,"Jul 1, 2019",,0,0,0,327,62,70,67,66,62,304,70,54,56,55,69,373,86,76,74,67,70,308,66,57,61,56,68,279,68,18,59,68,66,57,65,24,22,19,47,14,6,10,6,11,1703,368,4,3,Medium,Low,1,81,68,63,70,26,60,14
228203,Ayman Ashraf,Egypt,29,67,67,No Club,Free,"CB, LB",176,73,Left,67,CB,"Aug 10, 2017",,0,0,0,302,67,44,67,67,57,299,64,53,54,62,66,331,67,67,66,66,65,326,66,70,67,68,55,306,66,67,55,58,60,69,204,67,68,69,60,16,7,14,9,14,1828,383,3,2,Medium,High,1,67,53,63,65,68,67,14
258452,Tamás Cseri,Hungary,32,67,67,No Club,Free,"RW, LW",174,76,Right,67,RW,"Jul 14, 2017",,0,0,0,275,66,61,38,63,47,317,68,61,67,54,67,351,77,74,69,68,63,284,66,41,72,48,57,242,33,30,66,62,51,61,75,26,29,20,51,13,8,6,9,15,1595,344,3,3,High,Medium,1,75,60,62,68,28,51,9
228271,Christofer Gonzáles,Peru,27,67,68,No Club,Free,"CM, LM",177,70,Right,69,CAM,"Jan 10, 2019",,0,0,0,305,60,62,51,70,62,319,71,52,62,66,68,347,68,69,78,63,69,311,70,46,71,58,66,281,27,54,65,70,65,58,161,56,53,52,43,6,9,12,7,9,1767,378,3,3,Medium,Low,1,69,65,66,70,54,54,30
164568,Will Johnson,Canada,33,67,67,No Club,Free,CM,178,72,Right,68,CDM,"Dec 31, 2019",,0,0,0,313,56,55,60,72,70,337,64,70,69,70,64,311,61,55,60,65,70,349,75,64,75,70,65,334,75,65,60,62,72,64,201,64,69,68,57,14,8,13,10,12,1902,389,4,3,Medium,High,1,58,63,66,64,66,72,20
203225,James Jeggo,Australia,28,67,67,No Club,Free,"CDM, CM",178,71,Right,67,CDM,"Aug 16, 2020",,0,0,0,277,55,57,42,65,58,309,63,59,56,66,65,337,68,70,72,54,73,311,68,37,80,62,64,327,80,67,59,67,54,59,194,68,64,62,60,8,13,11,13,15,1815,390,2,3,Medium,High,1,69,61,63,65,63,69,37
242936,Teboho Mokoena,South Africa,23,67,72,No Club,Free,"CM, CAM",176,72,Right,70,CAM,"Jul 1, 2016",,0,0,0,277,59,52,51,73,42,328,69,53,62,69,75,328,75,72,52,60,69,305,58,59,66,57,65,302,65,58,63,68,48,62,161,64,51,46,48,9,10,8,10,11,1749,382,3,3,Medium,Medium,1,73,56,67,69,56,61,5
234234,Georgi Kostadinov,Bulgaria,29,67,67,No Club,Free,CDM,185,75,Right,67,CDM,"Jul 1, 2018",,0,0,0,248,44,46,54,67,37,249,51,34,40,64,60,310,60,65,55,66,64,318,64,56,73,72,53,294,55,68,69,56,46,57,203,67,68,68,60,14,12,6,14,14,1682,362,3,2,Medium,High,1,63,52,57,56,66,68,9
252675,Joyskim Dawa Tchakonte,Cameroon,24,66,71,No Club,Free,CB,194,95,Right,68,CB,"Aug 13, 2019",,0,0,0,210,41,23,68,57,21,197,41,24,23,54,55,237,53,58,41,54,31,309,65,58,66,95,25,227,71,64,28,36,28,62,190,63,66,61,59,13,12,13,15,6,1429,324,2,2,Low,Medium,1,56,32,46,45,64,81,8
251709,Jhonathan Doriado,Ecuador,30,66,66,No Club,Free,GK,185,83,Right,66,GK,"Jan 1, 2013",,0,0,0,87,13,13,15,26,20,89,19,13,14,22,21,239,42,42,32,66,57,227,44,55,50,66,12,97,19,22,19,12,25,22,48,14,15,19,322,65,66,59,66,66,1109,364,3,1,Medium,Medium,1,65,66,59,66,42,66,5
178767,Nikolay Mihaylov,Bulgaria,32,66,66,No Club,Free,GK,194,90,Right,66,GK,"Nov 26, 2018",,0,0,0,73,10,11,10,32,10,84,10,11,11,31,21,268,57,61,58,63,29,229,48,66,35,69,11,114,31,15,13,37,18,64,45,21,12,12,324,63,65,64,65,67,1137,383,2,1,Medium,Medium,2,63,65,64,67,59,65,8
202855,Long Tan,China PR,32,66,66,No Club,Free,"LW, RW, ST",185,75,Right,68,ST,"Jan 22, 2017",,0,0,0,321,62,65,67,62,65,284,67,48,47,58,64,346,69,71,72,71,63,353,75,72,66,77,63,305,65,41,68,65,66,59,92,37,26,29,56,15,9,10,8,14,1757,374,2,3,Medium,Medium,1,70,67,61,67,37,72,19
201346,Liam Boyce,Northern Ireland,29,66,66,No Club,Free,ST,184,75,Right,66,ST,"Jan 25, 2020",,0,0,0,295,43,68,68,61,55,295,65,58,60,48,64,340,67,65,78,62,68,354,70,74,64,81,65,305,73,34,65,62,71,69,76,33,24,19,59,11,12,9,14,13,1724,362,3,3,Medium,Low,1,66,67,55,66,33,75,32
183204,Petar Zanev,Bulgaria,34,66,66,No Club,Free,"CB, LB",183,70,Left,66,CB,"Jul 1, 2019",,0,0,0,279,69,38,63,62,47,308,59,64,56,65,64,315,52,70,63,62,68,335,65,78,67,67,58,289,73,65,56,55,40,64,199,65,68,66,62,6,15,15,16,10,1787,370,3,2,Medium,Medium,1,62,49,62,62,66,69,8
236724,Szilveszter Hangya,Hungary,26,66,69,No Club,Free,LB,176,70,Left,66,LB,"Aug 22, 2018",,0,0,0,264,66,32,66,65,35,245,59,32,28,61,65,360,76,77,67,68,72,253,47,65,52,58,31,259,66,59,53,38,43,54,185,57,63,65,48,9,13,7,14,5,1614,352,3,2,Medium,Medium,1,77,37,56,63,61,58,14
166844,Kyle Lafferty,Northern Ireland,32,66,66,No Club,Free,ST,193,88,Right,66,ST,"Jan 10, 2020",,0,0,0,319,57,66,68,61,67,302,62,61,70,45,64,296,58,62,55,69,52,349,71,72,64,79,63,303,87,17,66,63,70,69,96,24,34,38,51,11,6,8,11,15,1716,356,4,3,Medium,High,1,60,67,59,62,31,77,48
259113,Mario Jurčević,Slovenia,25,66,70,No Club,Free,"LB, LM",186,75,Left,67,LWB,"Sep 10, 2020",,0,0,0,252,70,35,40,69,38,295,61,69,45,65,55,348,72,77,75,62,62,301,62,60,71,68,40,258,50,60,40,60,48,55,181,53,68,60,50,12,13,11,7,7,1685,367,2,2,Medium,Medium,1,75,42,66,61,58,65,2
206379,Hannes Þór Halldórsson,Iceland,36,66,66,No Club,Free,GK,193,88,Right,66,GK,"Apr 12, 2019",,0,0,0,80,18,8,9,36,9,76,10,11,13,26,16,224,25,48,25,67,59,223,47,68,31,65,12,119,21,13,9,35,41,54,59,26,18,15,323,67,61,62,68,65,1104,361,2,1,Medium,Medium,1,67,61,62,65,38,68,16
210389,Brad Smith,Australia,26,66,69,No Club,Free,LB,177,70,Left,66,LB,"Jul 27, 2016",,0,0,0,237,59,42,50,63,23,272,62,62,27,60,61,371,77,79,76,64,75,282,40,63,70,60,49,286,68,63,60,55,40,58,187,64,62,61,62,14,12,15,13,8,1697,369,3,2,High,Medium,1,78,43,58,64,62,64,53
234746,Dimitar Iliev,Bulgaria,31,66,66,No Club,Free,"CF, CAM, ST",185,82,Right,67,ST,"Jul 16, 2018",,0,0,0,322,56,67,67,68,64,292,66,50,44,64,68,339,57,70,67,64,81,327,66,68,61,78,54,296,41,49,68,71,67,63,88,34,26,28,46,10,7,12,12,5,1710,362,4,3,Medium,Medium,1,64,64,64,67,37,66,22
246015,Luis Del Pino Mago,Venezuela,25,66,69,No Club,Free,"CB, LB",184,79,Left,68,CB,"Dec 27, 2019",,0,0,0,255,68,34,64,70,19,258,56,41,50,63,48,324,75,77,58,60,54,310,59,66,70,73,42,265,66,63,40,39,57,52,201,66,68,67,55,12,14,9,8,12,1668,368,2,2,Medium,Medium,1,76,41,60,54,66,71,17
256271,Alexandru Crețu,Romania,28,65,66,No Club,Free,CDM,190,81,Right,65,CDM,"Feb 13, 2018",,0,0,0,240,42,36,64,66,32,249,52,39,38,61,59,304,61,58,69,61,55,311,56,66,71,70,48,273,66,62,41,55,49,49,195,66,63,66,49,12,8,11,11,7,1621,347,3,2,Medium,Medium,1,59,43,56,56,64,69,5
238375,José Sagredo,Bolivia,26,65,68,No Club,Free,"LB, LM, RB",179,67,Left,65,LB,"Jan 1, 2019",,0,0,0,227,65,30,54,52,26,238,52,32,31,53,70,340,72,71,71,59,67,237,28,57,70,54,28,237,53,61,49,37,37,49,182,64,57,61,47,13,10,7,5,12,1508,329,2,2,Medium,Medium,1,71,30,50,60,60,58,10
252738,Kristian Dimitrov,Bulgaria,23,65,73,No Club,Free,CB,189,82,Right,67,CB,"Feb 11, 2020",,0,0,0,190,28,24,65,48,25,199,36,29,30,52,52,272,59,57,44,61,51,280,39,74,68,78,21,215,47,66,25,35,42,49,200,67,68,65,48,10,10,9,12,7,1404,305,2,2,High,High,1,58,27,40,44,67,69,4
247883,Saúl Torres,Bolivia,30,65,65,No Club,Free,RB,180,68,Right,65,RB,"Jul 5, 2019",,0,0,0,228,68,28,45,59,28,220,56,30,31,63,40,322,70,71,54,51,76,268,25,64,87,64,28,234,60,61,46,32,35,57,190,55,68,67,55,13,9,15,10,8,1517,334,3,2,High,Medium,1,71,29,53,52,60,69,7
238203,Juha Pirinen,Finland,28,65,65,No Club,Free,"LB, CB, LWB",180,74,Left,65,LB,"Aug 30, 2020",,0,0,0,232,52,41,59,57,23,289,66,47,61,55,60,332,79,76,62,56,59,273,33,62,73,69,36,249,58,63,59,34,35,62,189,68,61,60,43,12,10,9,6,6,1607,359,3,2,Medium,Medium,1,77,38,51,63,63,67,34
205701,Spas Delev,Bulgaria,30,65,65,No Club,Free,RM,169,68,Right,66,RW,"Jul 1, 2019",,0,0,0,280,60,60,46,62,52,296,61,60,58,50,67,385,83,75,87,65,75,297,71,51,62,50,63,272,60,23,64,61,64,62,66,16,25,25,50,15,9,8,7,11,1646,346,4,3,High,High,1,79,63,59,66,24,55,27
211340,Gabriel Valverde,Bolivia,30,65,65,No Club,Free,"CB, CDM",178,78,Right,65,CB,"Jul 1, 2016",,0,0,0,241,64,25,63,59,30,243,57,35,31,58,62,304,64,59,52,59,70,262,25,59,85,66,27,243,70,62,39,35,37,48,202,71,65,66,47,9,6,12,7,13,1542,336,3,2,Medium,Medium,1,61,27,52,59,66,71,5
253077,Dávid Sigér,Hungary,29,65,65,No Club,Free,"CM, CDM",175,70,Right,65,CM,"Jul 3, 2018",,0,0,0,246,45,52,51,66,32,269,65,39,33,68,64,309,55,58,59,62,75,327,67,60,69,69,62,302,63,64,65,62,48,45,189,63,64,62,70,14,13,15,14,14,1712,364,3,2,Medium,Medium,1,57,56,58,64,62,67,9
225708,Raúl Castro,Bolivia,30,65,65,No Club,Free,"CDM, CM",181,70,Right,65,CDM,"Jul 1, 2013",,0,0,0,232,48,30,57,66,31,255,58,37,35,63,62,314,64,55,60,65,70,252,46,64,82,31,29,271,58,70,44,55,44,58,188,71,60,57,66,12,15,9,15,15,1578,326,3,2,High,Medium,1,59,34,57,60,65,51,5
202207,Galin Ivanov,Bulgaria,32,65,65,No Club,Free,"CAM, RM, LM",178,72,Right,65,CAM,"Aug 1, 2020",,0,0,0,306,58,65,53,65,65,313,66,59,64,61,63,350,73,70,75,60,72,314,67,59,66,61,61,282,66,22,64,64,66,57,85,29,29,27,48,7,8,8,12,13,1698,357,3,2,Medium,Medium,1,71,65,62,66,30,63,5
211453,Marwan Mohsen,Egypt,31,65,65,No Club,Free,ST,185,81,Right,65,ST,"Sep 3, 2011",,0,0,0,303,51,66,68,58,60,262,67,56,32,41,66,295,62,65,58,52,58,350,69,76,67,78,60,298,71,40,67,52,68,60,124,44,40,40,58,11,11,10,14,12,1690,363,2,3,High,Medium,1,64,65,51,65,44,74,11
240925,Liam Millar,Canada,20,64,76,No Club,Free,LW,185,79,Right,65,ST,"Sep 27, 2016",,0,0,0,286,57,66,54,59,50,265,69,52,35,42,67,343,73,74,73,54,69,320,66,72,59,69,54,213,30,15,57,55,56,53,59,14,22,23,51,14,9,13,7,8,1537,339,3,3,High,Medium,1,74,62,54,68,22,59,34
216633,Ögmundur Kristinsson,Iceland,31,64,64,No Club,Free,GK,192,89,Right,64,GK,"Jul 7, 2020",,0,0,0,78,11,15,11,26,15,80,15,12,14,23,16,232,41,48,35,58,50,204,43,56,32,54,19,133,25,29,11,47,21,29,58,24,15,19,311,61,66,57,59,68,1096,356,2,1,Medium,Medium,1,61,66,57,68,45,59,10
251728,Bhadrashree Raj,India,32,64,64,No Club,Free,RB,175,69,Right,64,RB,"Jul 12, 2019",,0,0,0,252,61,35,57,60,39,277,58,61,49,58,51,356,75,77,81,52,71,301,51,64,76,53,57,274,73,58,50,51,42,61,180,60,59,61,58,11,12,11,16,8,1698,359,2,2,Medium,Medium,1,76,44,58,59,59,63,5
251742,Gajodara Chatterjee,India,34,64,64,No Club,Free,GK,195,84,Right,64,GK,"Jul 12, 2019",,0,0,0,77,13,6,27,18,13,99,12,23,12,27,25,201,34,26,43,57,41,229,52,55,38,71,13,122,40,26,16,15,25,21,34,18,7,9,322,64,68,69,61,60,1084,352,3,1,Medium,Medium,1,64,68,69,60,30,61,3
246407,Carlos Añez,Bolivia,24,64,69,No Club,Free,RB,174,65,Right,64,RB,"Jan 1, 2020",,0,0,0,210,65,28,41,52,24,208,53,29,32,53,41,342,73,70,68,52,79,230,31,55,75,40,29,233,48,58,47,39,41,50,202,65,69,68,50,7,10,12,10,11,1475,317,3,2,Medium,Medium,1,71,30,50,52,63,51,15
254645,Georgi Georgiev,Bulgaria,31,64,64,No Club,Free,GK,189,85,Right,64,GK,"Aug 18, 2020",,0,0,0,58,12,9,10,22,5,87,15,16,14,29,13,195,37,35,38,48,37,192,50,44,27,61,10,113,26,14,7,49,17,38,42,12,14,16,323,66,65,66,61,65,1010,359,2,1,Medium,Medium,1,66,65,66,65,36,61,3
243666,Callum McCowatt,New Zealand,21,64,74,No Club,Free,"LM, RM",180,73,Right,65,RM,"Sep 7, 2020",,0,0,0,279,55,64,54,61,45,304,62,63,56,62,61,315,71,69,58,61,56,323,64,62,71,65,61,306,71,54,62,62,57,63,146,50,58,38,45,7,10,5,10,13,1718,373,3,3,Medium,High,1,70,62,60,61,52,68,19
236242,Diego Wayar,Bolivia,26,64,67,No Club,Free,"CDM, CM",169,66,Right,65,CDM,"Jan 1, 2012",,0,0,0,228,47,29,55,66,31,249,52,34,40,64,59,309,57,64,59,54,75,262,49,63,78,40,32,255,60,62,35,57,41,49,196,71,65,60,56,14,8,13,13,8,1555,329,3,2,Medium,Medium,1,61,35,57,56,65,55,7
216273,Joni Kauko,Finland,29,64,64,No Club,Free,CM,188,85,Right,66,CB,"Jul 1, 2018",,0,0,0,289,51,63,66,64,45,264,61,40,40,59,64,315,55,64,61,70,65,359,69,76,82,82,50,324,78,61,70,64,51,69,184,62,63,59,48,9,8,9,11,11,1783,384,3,2,High,High,1,60,60,58,63,62,81,26
201700,Norbert Könyves,Hungary,31,64,64,No Club,Free,"RW, LW, ST",185,81,Right,65,ST,"Aug 4, 2020",,0,0,0,305,62,65,60,57,61,257,65,44,43,42,63,342,76,74,68,64,60,296,64,45,55,76,56,269,53,36,64,61,55,61,84,35,24,25,60,12,12,13,11,12,1613,354,3,2,Medium,Low,1,75,62,55,64,33,65,5
234235,Ismail Isa,Bulgaria,31,64,64,No Club,Free,ST,184,78,Right,64,ST,"Jul 1, 2019",,0,0,0,274,38,68,67,52,49,218,56,22,56,24,60,315,62,67,60,62,64,329,65,73,64,74,53,258,53,21,68,58,58,68,71,19,27,25,57,12,12,9,11,13,1522,325,3,3,Medium,Medium,1,65,63,45,58,27,67,7
241475,Pyry Soiri,Finland,25,63,64,No Club,Free,"LW, RW",183,63,Right,64,RM,"Jun 18, 2019",,0,0,0,274,56,64,43,59,52,270,65,47,40,55,63,335,78,76,66,47,68,290,68,49,65,56,52,275,58,39,68,56,54,55,128,46,38,44,46,11,12,10,6,7,1618,359,3,3,High,Medium,1,77,62,56,64,42,58,53
233546,Yanis Karabelyov,Bulgaria,24,63,70,No Club,Free,CM,183,75,Left,65,CM,"Jul 1, 2014",,0,0,0,264,52,49,51,64,48,271,57,49,38,62,65,314,57,64,55,62,76,272,50,55,66,47,54,309,72,57,66,66,48,51,162,46,61,55,54,14,9,9,10,12,1646,343,3,2,Medium,Medium,1,61,51,60,60,54,57,3
235860,Michael Woud,New Zealand,21,63,74,No Club,Free,GK,196,85,Left,63,GK,"Jul 13, 2018",,0,0,0,66,14,10,14,18,10,64,11,13,12,15,13,178,31,15,39,65,28,168,44,37,20,57,10,87,25,13,10,29,10,43,36,10,13,13,303,63,56,58,60,66,902,325,2,1,Medium,Medium,1,63,56,58,66,22,60,14
256373,Birsent Karagaren,Bulgaria,27,63,63,No Club,Free,"RM, LM",183,65,Right,63,RM,"Jul 1, 2018",,0,0,0,300,61,66,53,59,61,285,60,56,51,53,65,334,78,73,70,50,63,280,63,50,63,47,57,258,55,22,63,58,60,60,106,35,37,34,51,13,11,5,9,13,1614,346,3,3,High,High,1,75,63,58,62,35,53,8
212093,Carlos Saucedo,Bolivia,40,63,63,No Club,Free,ST,175,78,Right,63,ST,"Jul 22, 2017",,0,0,0,276,49,69,57,54,47,270,62,46,47,46,69,293,55,59,59,60,60,317,70,68,58,58,63,213,25,22,67,43,56,49,80,33,23,24,49,6,9,11,12,11,1498,317,3,3,Medium,Medium,1,57,66,49,64,29,52,4
245979,Aleksandar Tsvetkov,Bulgaria,29,63,63,No Club,Free,"CDM, CM, CB",181,75,Right,64,CB,"Jul 1, 2018",,0,0,0,245,47,44,58,60,36,241,50,40,43,56,52,310,58,57,62,66,67,309,47,70,71,75,46,268,61,63,48,55,41,50,196,65,66,65,55,10,13,9,14,9,1624,344,3,2,Medium,High,1,57,45,54,53,64,71,3
247026,András Schäfer,Hungary,21,63,78,No Club,Free,"LM, CM",180,70,Right,64,RM,"Sep 9, 2020",,0,0,0,268,61,53,48,62,44,263,61,32,51,56,63,348,73,76,62,65,72,236,53,48,59,35,41,273,60,57,58,56,42,61,156,53,53,50,56,13,14,14,10,5,1600,345,5,2,Medium,Medium,1,75,50,58,62,53,47,19
253170,Attila Szalai,Hungary,22,63,76,No Club,Free,CB,192,83,Right,65,CB,"Jul 1, 2019",,0,0,0,242,63,26,72,57,24,154,22,18,19,61,34,270,55,68,44,59,44,262,28,73,58,70,33,252,68,64,37,37,46,46,184,60,65,59,55,10,14,9,10,12,1419,303,4,2,Medium,High,1,62,29,51,31,63,67,12
253944,Simon Omossola,Cameroon,22,63,69,No Club,Free,GK,185,75,Right,63,GK,"Oct 16, 2019",,0,0,0,60,13,6,11,24,6,70,11,14,12,18,15,196,33,28,35,58,42,207,44,62,26,68,7,98,28,12,6,34,18,27,34,9,12,13,308,65,58,59,59,67,973,338,2,1,Medium,Medium,1,65,58,59,67,30,59,14
251723,Prakul Bhatt,India,35,62,62,No Club,Free,ST,182,78,Left,62,ST,"Jul 12, 2019",,0,0,0,275,42,64,58,54,57,278,61,51,58,48,60,324,75,67,64,61,57,333,61,70,71,73,58,271,63,25,61,57,65,68,86,12,37,37,49,10,14,9,6,10,1616,344,3,2,Medium,High,1,71,62,51,61,29,70,6
251727,Hantidev Bhandari,India,31,62,62,No Club,Free,"RM, LM",178,74,Right,62,RM,"Jul 12, 2019",,0,0,0,249,56,41,41,60,51,302,65,66,57,51,63,341,79,75,65,58,64,288,55,57,62,65,49,285,69,41,59,57,59,52,111,26,44,41,56,12,15,16,6,7,1632,348,3,3,Medium,Medium,1,77,48,57,64,37,65,6
220779,Matthew Ridenton,New Zealand,24,62,66,No Club,Free,"CDM, CM",180,72,Right,63,CM,"Jul 23, 2020",,0,0,0,272,58,52,54,62,46,302,56,65,62,60,59,298,66,67,63,60,42,327,60,65,77,67,58,297,62,63,61,63,48,54,168,54,58,56,63,15,14,8,12,14,1727,365,3,2,Medium,Medium,1,67,55,61,57,57,68,54
198116,Matjaž Rozman,Slovenia,33,62,62,No Club,Free,GK,192,84,Right,62,GK,"Aug 1, 2016",,0,0,0,68,13,11,15,18,11,85,12,12,19,22,20,214,37,47,37,61,32,218,43,66,41,53,15,126,31,13,15,44,23,41,50,21,15,14,303,59,62,57,62,63,1064,346,2,1,Medium,Medium,1,59,62,57,63,43,62,1
251722,Abhimoda Chakraborty,India,34,61,61,No Club,Free,CB,189,79,Left,61,CB,"Jul 12, 2019",,0,0,0,247,41,39,64,52,51,212,38,42,35,47,50,191,38,37,32,51,33,322,61,64,71,84,42,226,61,62,29,44,30,55,179,61,58,60,55,16,6,13,7,13,1432,304,3,2,Medium,High,1,37,44,46,41,61,75,1
251736,Anvit Swaminathan,India,28,61,61,No Club,Free,"CAM, LM",173,65,Left,61,CAM,"Jul 12, 2019",,0,0,0,277,57,47,55,64,54,293,61,53,55,60,64,348,63,57,84,60,84,253,55,60,53,34,51,227,31,29,61,63,43,56,80,28,25,27,57,14,8,13,13,9,1535,305,4,3,Medium,Medium,1,60,50,61,65,30,39,5
251729,Devindra Pillai,India,32,61,61,No Club,Free,"RM, RW",178,70,Right,61,RM,"Jul 12, 2019",,0,0,0,261,61,45,42,57,56,295,60,61,57,55,62,330,72,69,67,61,61,294,59,53,68,61,53,275,61,57,57,60,40,69,131,30,50,51,65,11,14,13,13,14,1651,346,3,3,Medium,Medium,1,70,50,58,61,45,62,2
251743,Adit Ginti,India,26,61,62,No Club,Free,"LB, LM",170,69,Left,61,LB,"Jul 12, 2019",,0,0,0,231,57,40,45,51,38,273,58,57,52,45,61,366,80,83,72,55,76,265,54,70,60,43,38,275,56,54,61,54,50,55,174,57,59,58,60,12,14,14,12,8,1644,346,3,2,Medium,High,1,82,44,52,61,56,51,13
254136,Elijah Just,New Zealand,20,61,75,No Club,Free,"LW, RW, CAM",174,69,Right,63,RM,"Jul 1, 2019",,0,0,0,256,51,57,40,57,51,272,71,45,38,53,65,355,74,67,71,59,84,252,51,53,56,45,47,211,28,19,54,56,54,64,81,24,30,27,59,13,9,10,15,12,1486,317,4,2,High,Low,1,70,53,53,69,27,45,15
242955,Andre de Jong,New Zealand,23,60,67,No Club,Free,"CF, CAM, ST",181,73,Right,62,ST,"May 10, 2019",,0,0,0,280,54,63,60,60,43,241,58,33,32,58,60,305,62,66,56,56,65,297,51,65,62,69,50,246,44,23,65,56,58,56,64,28,20,16,53,10,10,13,13,7,1486,324,2,2,High,Medium,1,64,57,55,59,27,62,20
251731,Bismeet Sidhu,India,32,60,60,No Club,Free,"CDM, CM",171,68,Right,61,CM,"Jul 12, 2019",,0,0,0,264,55,45,55,62,47,285,58,50,52,61,64,343,68,64,72,61,78,331,65,81,75,55,55,263,43,59,52,63,46,65,158,57,53,48,55,12,12,11,8,12,1699,354,3,2,Medium,Medium,1,66,52,60,62,55,59,3
251721,Attana Deshpande,India,39,60,60,No Club,Free,LM,180,76,Left,61,CAM,"Jul 12, 2019",,0,0,0,283,59,59,41,60,64,319,65,64,68,61,61,306,51,53,72,58,72,292,61,77,46,51,57,274,38,55,60,64,57,64,81,40,26,15,41,6,11,8,6,10,1596,321,2,2,Medium,Low,1,52,59,61,65,36,48,2
231063,Clayton Lewis,New Zealand,23,60,68,No Club,Free,"CAM, CM, LM",173,72,Left,62,CAM,"Nov 1, 2019",,0,0,0,258,51,52,42,62,51,305,62,60,64,57,62,352,73,67,76,55,81,271,57,55,54,49,56,267,49,49,53,58,58,56,126,45,42,39,57,15,12,11,6,13,1636,341,3,2,Medium,Medium,1,70,54,58,64,44,51,65
257550,Ibrahim Al Kaabi,United Arab Emirates,27,59,62,No Club,Free,GK,181,75,Right,59,GK,"Jul 28, 2020",,0,0,0,62,13,9,10,24,6,66,13,10,10,17,16,191,34,33,23,54,47,184,44,60,26,46,8,88,24,10,5,30,19,31,29,8,10,11,290,59,55,58,58,60,910,323,3,1,Medium,Medium,1,59,55,58,60,33,58,2
251732,Remil Nadkarni,India,34,59,59,No Club,Free,"CAM, CF",180,70,Right,60,RM,"Jul 12, 2019",,0,0,0,292,59,58,55,60,60,301,60,58,59,59,65,316,61,67,68,51,69,319,57,76,71,64,51,240,43,23,55,59,60,61,64,23,20,21,52,12,8,13,9,10,1584,328,3,3,Low,Low,1,64,56,59,62,25,62,2
251725,Tapish Atwal,India,36,59,59,No Club,Free,CB,181,77,Left,59,CB,"Jul 12, 2019",,0,0,0,256,54,37,63,60,42,238,38,58,43,57,42,253,43,49,52,53,56,313,59,70,58,75,51,242,59,54,38,48,43,50,175,60,58,57,52,12,10,7,8,15,1529,313,2,2,Medium,Medium,1,46,45,55,42,58,67,1
251735,Amanpreet Varkay,India,34,59,59,No Club,Free,LB,179,71,Left,59,LB,"Jul 12, 2019",,0,0,0,219,53,38,51,55,22,232,55,34,35,49,59,314,74,71,68,48,53,260,21,82,73,67,17,250,75,54,37,44,40,53,163,55,55,53,55,12,6,10,13,14,1493,333,4,2,Medium,Medium,1,72,30,49,57,54,71,2
251739,Vihaan Boral,India,30,59,59,No Club,Free,GK,183,77,Left,59,GK,"Jul 12, 2019",,0,0,0,87,13,13,15,26,20,89,19,13,14,22,21,224,42,42,32,51,57,224,41,55,50,66,12,97,19,22,19,12,25,22,48,14,15,19,291,56,60,54,61,60,1060,333,3,1,Medium,Medium,1,56,60,54,60,42,61,4
251748,Dinkerrai Bajwa,India,39,59,59,No Club,Free,"CDM, CB",182,72,Right,60,CB,"Jul 12, 2019",,0,0,0,228,50,35,61,59,23,251,51,39,41,60,60,290,58,60,57,56,59,255,41,63,48,70,33,259,63,51,47,54,44,53,181,59,62,60,62,15,12,12,11,12,1526,326,2,2,Medium,High,1,59,36,54,55,59,63,2
251747,Anuvinda Khurana,India,27,59,61,No Club,Free,CB,186,81,Right,61,CB,"Jul 12, 2019",,0,0,0,189,34,21,57,53,24,182,38,32,25,42,45,242,51,57,39,53,42,280,42,63,59,79,37,220,64,59,27,34,36,53,171,58,58,55,60,15,8,10,12,15,1344,294,3,2,Medium,Medium,1,54,30,41,41,58,70,4
247066,Hamad Al Mansoury,United Arab Emirates,24,58,65,No Club,Free,GK,178,73,Right,58,GK,"Jun 30, 2015",,0,0,0,53,12,5,10,20,6,68,5,14,13,20,16,211,33,40,38,57,43,169,38,50,27,47,7,95,26,14,8,29,18,40,29,6,13,10,282,56,59,51,55,61,907,319,2,1,Medium,Medium,1,56,59,51,61,37,55,5
251726,Diasha Sundaram,India,31,58,58,No Club,Free,CB,186,81,Right,58,CB,"Jul 12, 2019",,0,0,0,216,42,54,55,52,13,202,33,38,32,51,48,274,58,61,41,57,57,297,63,67,60,77,30,222,60,51,28,28,55,59,173,57,59,57,56,11,15,10,14,6,1440,317,3,2,Low,High,1,60,48,43,41,56,69,2
251724,Taranjot Agarwal,India,34,58,58,No Club,Free,"LM, LB",173,68,Left,58,LM,"Jul 12, 2019",,0,0,0,253,54,51,50,51,47,276,57,60,48,51,60,341,71,68,75,51,76,302,58,67,67,58,52,264,48,59,51,57,49,60,157,48,57,52,71,16,14,15,12,14,1664,347,3,3,Medium,Medium,1,69,52,53,60,54,59,1
251733,Palkesh Nagarajan,India,30,58,59,No Club,Free,GK,189,87,Right,58,GK,"Oct 1, 2020",,0,0,0,67,11,15,11,22,8,94,13,14,13,33,21,227,50,50,48,51,28,219,38,74,28,66,13,172,57,26,18,36,35,61,45,20,11,14,284,59,61,51,57,56,1108,334,2,1,Medium,Medium,1,59,61,51,56,50,57,4
251746,Randhir Jayaraman,India,35,58,58,No Club,Free,ST,180,82,Right,58,ST,"Jul 12, 2019",,0,0,0,286,53,60,64,55,54,255,52,51,59,43,50,294,57,62,57,50,68,333,60,79,61,76,57,281,78,26,61,51,65,47,73,20,38,15,58,15,12,8,15,8,1580,328,2,2,Medium,Low,1,60,59,52,53,31,73,1
251740,Gunjeevan Thakkar,India,23,58,60,No Club,Free,ST,177,79,Right,61,RM,"Jul 12, 2019",,0,0,0,251,41,57,51,46,56,234,59,37,33,47,58,360,87,83,65,60,65,295,53,67,72,52,51,269,68,33,59,55,54,57,51,11,21,19,50,15,10,10,6,9,1510,330,3,2,Medium,Low,1,85,55,46,60,23,61,31.0
258500,Filip Krastev,Bulgaria,18,58,75,No Club,Free,"CAM, CM",172,63,Right,60,CAM,"Jul 1, 2020",,0,0,0,241,53,48,25,63,52,292,58,57,58,60,59,305,67,63,73,49,53,213,43,37,56,31,46,222,48,42,49,62,21,41,113,39,36,38,57,11,14,13,12,7,1443,308,3,2,Medium,Low,1,65,46,60,59,37,41,
251745,Chapal Palan,India,29,57,57,No Club,Free,CM,181,69,Right,61,CM,"Jul 12, 2019",,0,0,0,261,60,38,59,58,46,267,51,53,51,57,55,330,68,68,66,60,68,308,60,64,69,64,51,294,76,59,55,57,47,60,180,61,57,62,60,13,11,11,13,12,1700,354,2,2,Medium,Low,1,68,47,57,55,59,68,
251749,Omesh Patla,India,27,57,58,No Club,Free,CAM,167,69,Right,60,RM,"Jul 12, 2019",,0,0,0,268,57,51,48,59,53,289,55,61,64,51,58,373,79,76,81,48,89,271,61,58,70,33,49,279,67,54,52,57,49,58,139,38,54,47,58,14,11,13,7,13,1677,345,4,2,Medium,Medium,1,77,53,57,60,48,50,
251750,Dhwanil Singhal,India,35,57,57,No Club,Free,CDM,177,71,Right,58,RB,"Jul 12, 2019",,0,0,0,249,49,45,54,50,51,244,54,47,41,51,51,306,68,67,59,53,59,324,59,60,80,67,58,249,61,56,40,54,38,61,169,55,59,55,52,9,15,7,6,15,1593,346,3,2,Low,Medium,1,67,50,50,54,56,69,
251730,Durvish Raghavan,India,26,57,60,No Club,Free,ST,185,80,Right,59,ST,"Jul 12, 2019",,0,0,0,270,48,55,62,51,54,250,48,53,52,40,57,290,67,68,58,49,48,325,58,67,68,78,54,275,72,33,55,53,62,51,54,18,23,13,52,13,13,7,5,14,1516,325,3,2,High,Medium,1,68,56,49,52,26,74,
247059,Ali Al Hidhani,United Arab Emirates,22,56,64,No Club,Free,RB,172,67,Right,56,RB,"Jul 1, 2018",,0,0,0,205,51,34,44,49,27,215,53,40,34,38,50,345,72,73,67,53,80,237,35,65,58,50,29,231,60,51,45,40,35,43,157,52,53,52,53,9,11,10,14,9,1443,312,3,2,Medium,Medium,1,73,33,45,55,51,55,
251734,Anudaan Sanghu,India,20,56,56,No Club,Free,"RM, CM",168,62,Right,56,RM,"Jul 12, 2019",,0,0,0,236,49,38,43,51,55,265,57,61,48,44,55,356,81,77,81,38,79,251,48,58,74,36,35,235,50,34,49,50,52,50,83,18,32,33,56,16,16,8,6,10,1482,308,3,3,Medium,Low,1,79,42,50,59,29,49,
251738,Madanapal Chada,India,27,55,55,No Club,Free,ST,178,77,Right,57,RM,"Jul 12, 2019",,0,0,0,244,46,51,45,51,51,243,61,38,35,49,60,312,71,64,66,52,59,295,57,75,72,43,48,248,68,30,59,46,45,57,98,15,43,40,48,8,6,8,15,11,1488,316,1,2,High,Medium,1,67,52,47,61,32,57,
251741,Eelamynthan Suresh,India,28,55,55,No Club,Free,"RM, CAM, RB",175,73,Left,55,RM,"Jul 12, 2019",,0,0,0,244,52,45,48,50,49,259,51,53,55,48,52,339,71,75,72,48,73,327,53,87,71,65,51,279,77,48,51,52,51,48,123,18,54,51,55,13,13,7,9,13,1626,338,3,2,High,Medium,1,73,49,51,54,41,70,
251737,Jagatjiva Mangat,India,26,53,54,No Club,Free,LM,171,65,Left,53,LM,"Jul 12, 2019",,0,0,0,220,50,40,44,44,42,237,57,48,35,42,55,327,67,68,65,49,78,231,51,61,45,40,34,174,32,15,50,46,31,47,58,28,14,16,46,8,6,12,14,6,1293,275,3,2,Medium,Medium,1,68,41,45,58,22,41,
